Country,Country_Code,Year,Total,Coal,Oil,Gas,Cement,Flaring,Other,PerCapita
Australia,AUS,2000,349.635487,185.781229,102.33736,46.593883,3.620856,7.952858,3.349301,18.384487
Australia,AUS,2001,357.132367,190.066589,102.582541,49.310577,3.540903,8.172284,3.459474,18.554121
Australia,AUS,2002,361.54081,191.13103,104.516285,50.573495,3.487738,8.007496,3.824767,18.56355
Australia,AUS,2003,369.279512,195.370417,109.57068,49.701209,3.584016,7.157978,3.895211,18.746105
Australia,AUS,2004,382.82089,202.20981,113.766232,52.51797,3.554645,6.85794,3.914293,19.21304
Australia,AUS,2005,386.153533,200.699756,116.507794,54.476588,3.664127,6.914461,3.890808,19.143302
Australia,AUS,2006,392.384302,204.384919,117.400366,55.810784,3.888062,7.046394,3.853779,19.171531
Australia,AUS,2007,399.624803,203.543107,119.47387,61.048701,3.971547,7.504144,4.083434,19.184298
Australia,AUS,2008,404.233067,204.671475,122.328074,61.786863,3.862908,7.482726,4.101021,19.024637
Australia,AUS,2009,407.065015,206.050385,122.367287,63.113604,3.829017,7.966111,3.73861,18.792625
Australia,AUS,2010,405.10332,200.536242,124.556501,64.263998,3.548615,8.189776,4.008189,18.397758
Australia,AUS,2011,403.828773,192.124544,129.808187,66.479605,3.495532,7.874195,4.04671,18.062717
Australia,AUS,2012,406.15091,189.138286,133.683994,67.705582,3.518237,8.286993,3.817817,17.86907
Australia,AUS,2013,397.887458,176.346996,136.180923,69.647507,3.29442,8.846405,3.571207,17.215785
Australia,AUS,2014,393.952876,168.130343,137.598529,71.808093,3.137567,9.272708,4.005636,16.785681
Australia,AUS,2015,401.793062,174.188664,137.629374,72.044214,3.076156,10.827854,4.0268,16.86772
Australia,AUS,2016,411.264288,179.549565,137.374951,75.054759,2.930855,12.439911,3.914247,16.997412
Australia,AUS,2017,414.358312,176.906195,139.460823,76.211806,3.019062,14.86143,3.898995,16.850455
Australia,AUS,2018,416.283827,169.370489,143.712379,79.434749,2.941785,16.925628,3.898798,16.665199
Australia,AUS,2019,416.356588,164.471156,143.084851,81.693703,3.039547,20.199247,3.868084,16.419679
Australia,AUS,2020,399.922128,156.143134,135.476298,84.471564,2.820162,17.272753,3.738217,15.579327
Australia,AUS,2021,391.187411,150.958384,139.155751,77.242144,2.820162,17.272753,3.738217,15.091473
Austria,AUT,2000,66.14978,15.752621,32.163171,15.266094,1.711556,0.164719,1.091619,8.257958
Austria,AUT,2001,70.149508,16.563696,34.410864,16.157636,1.719922,0.182933,1.114458,8.725469
Austria,AUT,2002,71.953612,16.736632,36.05703,16.070299,1.735653,0.167237,1.18676,8.906261
Austria,AUT,2003,77.460983,18.022592,39.082064,17.268124,1.754471,0.184024,1.149708,9.539408
Austria,AUT,2004,77.678295,17.765949,39.099891,17.662321,1.79,0.165094,1.19504,9.506331
Austria,AUT,2005,79.078106,17.86176,39.393041,18.700773,1.79748,0.160095,1.164958,9.611982
Austria,AUT,2006,76.806465,17.865267,38.132297,17.496977,1.954142,0.180437,1.177345,9.289873
Austria,AUT,2007,74.10678,17.455149,36.623641,16.495412,2.130776,0.184702,1.217101,8.934209
Austria,AUT,2008,73.481909,17.028333,35.480636,17.436059,2.132968,0.162294,1.241619,8.83076
Austria,AUT,2009,67.298655,12.832833,34.415546,17.035763,1.79859,0.204935,1.010988,8.066544
Austria,AUT,2010,72.006411,15.501043,34.798218,18.779363,1.622129,0.183602,1.122056,8.610293
Austria,AUT,2011,69.893113,15.819384,33.285108,17.731132,1.66568,0.179604,1.212205,8.329335
Austria,AUT,2012,67.26591,14.687176,32.642371,16.946164,1.672547,0.183605,1.134048,7.979692
Austria,AUT,2013,67.759445,14.960277,33.460547,16.332385,1.656405,0.19094,1.158889,7.990935
Austria,AUT,2014,64.16,13.802023,32.423874,14.946754,1.638991,0.168713,1.179646,7.507548
Austria,AUT,2015,66.348823,14.372978,32.998847,15.967142,1.701497,0.161713,1.146646,7.677111
Austria,AUT,2016,67.210743,13.334845,34.109843,16.736951,1.729,0.131251,1.168854,7.693109
Austria,AUT,2017,69.592825,14.023157,34.546345,17.974629,1.710389,0.138247,1.200058,7.910526
Austria,AUT,2018,66.55718,12.295195,34.08512,17.019492,1.826656,0.127248,1.203469,7.528656
Austria,AUT,2019,67.936185,13.005251,34.087326,17.792615,1.770523,0.118253,1.162217,7.650523
Austria,AUT,2020,62.037447,11.393343,30.712898,16.876937,1.821123,0.10925,1.123897,6.964414
Austria,AUT,2021,64.625588,12.269229,31.462607,17.839483,1.821123,0.10925,1.123897,7.24333
Belarus,BLR,2000,54.905983,4.198119,17.209109,31.337154,0.861909,0.0064,1.293292,5.353295
Belarus,BLR,2001,54.002981,3.734737,16.43935,31.648289,0.822165,0.006419,1.352023,5.293782
Belarus,BLR,2002,53.844143,3.227302,16.1294,31.999055,0.981572,0.006444,1.500371,5.31249
Belarus,BLR,2003,55.087987,3.141653,15.544749,33.599857,1.163838,0.006488,1.631403,5.472745
Belarus,BLR,2004,58.253531,2.969911,15.873448,36.35386,1.300571,0.006576,1.749164,5.825521
Belarus,BLR,2005,59.310285,2.962905,15.956987,36.976477,1.466325,0.006601,1.940991,5.969735
Belarus,BLR,2006,61.743587,2.891988,17.940202,37.419337,1.571658,0.00662,1.913781,6.252705
Belarus,BLR,2007,60.218141,2.792905,16.007103,37.867797,1.617004,0.006556,1.926776,6.128458
Belarus,BLR,2008,62.836408,2.62772,17.911161,38.634675,1.808145,0.006549,1.848159,6.419853
Belarus,BLR,2009,60.577745,2.677129,22.485597,31.819964,1.873716,0.006159,1.71518,6.208194
Belarus,BLR,2010,62.44512,2.90057,16.326259,39.552602,1.97017,0.006488,1.689032,6.416851
Belarus,BLR,2011,61.307589,2.975098,17.420518,37.378043,1.966121,0.006295,1.561514,6.315825
Belarus,BLR,2012,62.545264,5.004252,17.088525,36.816532,2.189102,0.00626,1.440593,6.452123
Belarus,BLR,2013,64.125556,4.837889,18.704382,36.899736,2.370207,0.006232,1.30711,6.616928
Belarus,BLR,2014,63.648873,4.634266,18.383719,36.593702,2.653243,0.006188,1.377756,6.565978
Belarus,BLR,2015,58.798911,4.094111,17.178005,33.956646,2.269358,0.0061,1.294691,6.061363
Belarus,BLR,2016,58.134483,3.691613,17.313199,33.884933,2.206055,0.006063,1.032619,5.988239
Belarus,BLR,2017,59.262285,3.882261,17.344519,34.64908,2.227168,0.006106,1.153151,6.104557
Belarus,BLR,2018,62.094328,3.962831,18.177857,36.750504,2.163325,0.006284,1.033528,6.404399
Belarus,BLR,2019,62.039493,4.099648,18.036537,36.627932,2.276054,0.006333,0.992988,6.413033
Belarus,BLR,2020,58.592041,3.777468,17.900204,33.632754,2.302394,0.006232,0.972988,6.081962
Belarus,BLR,2021,59.602457,3.281815,16.98652,36.052508,2.302394,0.006232,0.972988,6.222741
Belgium,BEL,2000,126.719535,31.671609,55.732336,33.199089,3.270299,0.165423,2.680779,12.345606
Belgium,BEL,2001,126.063796,28.289752,59.054505,32.937378,2.957389,0.147747,2.677025,12.228216
Belgium,BEL,2002,126.860502,28.636592,59.079997,33.255697,2.993247,0.153043,2.741926,12.250463
Belgium,BEL,2003,128.24564,27.766146,59.783871,34.992026,2.93347,0.111442,2.658685,12.328289
Belgium,BEL,2004,128.778889,28.251919,59.761685,34.982663,2.837048,0.102442,2.843132,12.316075
Belgium,BEL,2005,125.636389,26.19595,58.085533,35.641403,2.933953,0.104421,2.675129,11.946054
Belgium,BEL,2006,123.880438,25.337382,57.114796,35.388414,3.111969,0.130723,2.797156,11.705635
Belgium,BEL,2007,120.477002,23.158202,55.790293,35.637293,3.087423,0.114941,2.68885,11.308469
Belgium,BEL,2008,120.175599,23.259024,55.359007,35.690164,3.032533,0.116675,2.718196,11.203391
Belgium,BEL,2009,107.732357,15.162389,51.219392,36.481952,2.795202,0.117294,1.956127,9.973966
Belgium,BEL,2010,114.557864,17.526192,51.822056,40.348548,2.582486,0.103191,2.175391,10.531203
Belgium,BEL,2011,105.020115,16.688971,48.603211,34.579237,2.761552,0.093232,2.293912,9.585851
Belgium,BEL,2012,102.355635,15.078114,47.514133,34.918198,2.642587,0.092581,2.110023,9.278791
Belgium,BEL,2013,102.666433,15.331619,47.320428,35.279484,2.541374,0.093725,2.099803,9.246515
Belgium,BEL,2014,96.887002,14.795505,46.26145,31.003653,2.642982,0.075679,2.107733,8.668641
Belgium,BEL,2015,101.061722,14.438079,48.197987,33.820641,2.348126,0.088261,2.168628,8.984619
Belgium,BEL,2016,99.601625,13.543486,47.093541,34.375252,2.4358,0.078277,2.075269,8.80119
Belgium,BEL,2017,99.126283,13.308096,46.333138,35.030255,2.291409,0.09894,2.064445,8.707135
Belgium,BEL,2018,99.873631,13.366943,45.714012,36.098185,2.534383,0.121246,2.038862,8.723658
Belgium,BEL,2019,99.432619,13.192232,45.243127,36.199212,2.819306,0.116104,1.862638,8.638376
Belgium,BEL,2020,90.368008,10.651276,39.498344,35.856444,2.634278,0.101449,1.626217,7.816141
Belgium,BEL,2021,95.722285,11.015942,44.567181,35.777219,2.634278,0.101449,1.626217,8.243806
Brazil,BRA,2000,340.183,50.460434,239.488193,18.442373,16.047,10.737,5.008,1.934246
Brazil,BRA,2001,346.166,49.426704,241.794706,23.18559,15.227,11.721,4.811,1.942441
Brazil,BRA,2002,347.765,48.688815,239.219326,29.292858,14.39,11.218,4.956,1.926925
Brazil,BRA,2003,344.645,51.933112,232.433668,30.91922,13.096,11.199,5.064,1.887129
Brazil,BRA,2004,361.434,53.832656,239.768252,38.215091,13.273,10.84,5.505,1.956637
Brazil,BRA,2005,364.371,50.948421,240.221198,39.619381,14.349,13.877,5.356,1.950622
Brazil,BRA,2006,368.871,50.837875,242.248571,42.052554,15.44,12.882,5.41,1.953552
Brazil,BRA,2007,390.573,54.989055,256.003342,43.245603,17.2,13.469,5.666,2.047249
Brazil,BRA,2008,412.638,55.315497,267.238809,51.302693,18.884,14.207,5.69,2.141657
Brazil,BRA,2009,389.775,43.586053,262.705409,40.958538,19.031,18.434,5.06,2.003804
Brazil,BRA,2010,440.269,56.688185,286.079991,55.048824,21.288,15.214,5.95,2.242226
Brazil,BRA,2011,462.58,62.292401,303.885017,53.100582,22.845,14.12,6.337,2.334078
Brazil,BRA,2012,498.309,61.016471,327.733969,63.39656,24.998,14.761,6.403,2.491823
Brazil,BRA,2013,532.418,65.604089,342.338124,74.703787,26.652,16.634,6.486,2.639368
Brazil,BRA,2014,557.901,69.033897,356.753378,81.285725,26.908,17.642,6.278,2.742072
Brazil,BRA,2015,529.353,69.451663,330.358576,80.464761,25.082,17.604,6.392,2.579841
Brazil,BRA,2016,492.748,63.831218,312.939113,69.665669,22.415,17.505,6.392,2.382041
Brazil,BRA,2017,497.412678,67.321878,316.425222,70.68779,19.080788,17.505,6.392,2.385616
Brazil,BRA,2018,477.10213,65.840737,300.605153,67.417072,19.342169,17.505,6.392,2.270114
Brazil,BRA,2019,475.104581,61.887745,302.333585,67.121321,19.86493,17.505,6.392,2.243357
Brazil,BRA,2020,442.306003,56.240806,281.089414,59.026096,22.052686,17.505,6.392,2.074642
Brazil,BRA,2021,488.88107,68.229888,296.986854,75.974385,23.792942,17.505,6.392,2.281014
Bulgaria,BGR,2000,45.464332,26.381933,10.658842,6.670664,1.211567,0.124441,0.416885,5.614481
Bulgaria,BGR,2001,48.980165,30.06688,10.952889,6.180976,1.22841,0.124923,0.426086,6.095957
Bulgaria,BGR,2002,46.155491,27.825167,10.938855,5.54984,1.214714,0.120972,0.505942,5.78766
Bulgaria,BGR,2003,50.532395,31.196202,11.665234,5.796169,1.272522,0.116259,0.486009,6.382175
Bulgaria,BGR,2004,49.583352,29.945777,11.71721,5.812426,1.444254,0.118646,0.545039,6.304051
Bulgaria,BGR,2005,50.654402,29.490967,12.27498,6.567927,1.61809,0.124128,0.57831,6.481506
Bulgaria,BGR,2006,51.891855,29.995413,12.710369,6.726971,1.549681,0.128637,0.780783,6.681897
Bulgaria,BGR,2007,55.737583,33.367825,12.515475,6.889115,1.979357,0.139782,0.84603,7.220797
Bulgaria,BGR,2008,54.076123,32.49231,11.899065,6.7182,1.899687,0.151939,0.914921,7.045829
Bulgaria,BGR,2009,45.812407,27.278539,11.407991,5.052382,0.982972,0.327154,0.763369,6.000523
Bulgaria,BGR,2010,47.858926,29.298743,11.00212,5.371912,0.807287,0.374364,1.0045,6.303636
Bulgaria,BGR,2011,53.174763,34.485745,10.192228,6.148541,0.787298,0.39448,1.166472,7.04943
Bulgaria,BGR,2012,48.338905,29.417049,10.722759,5.759238,0.981292,0.383022,1.075545,6.45522
Bulgaria,BGR,2013,42.678602,25.001701,9.714811,5.608733,0.891633,0.412008,1.049715,5.74319
Bulgaria,BGR,2014,45.266301,26.583342,10.704298,5.589405,0.911123,0.38397,1.094164,6.140184
Bulgaria,BGR,2015,48.260534,27.680239,11.662452,5.931801,1.105434,0.600375,1.280232,6.602663
Bulgaria,BGR,2016,45.48431,24.1565,12.067898,5.938794,1.194109,0.81291,1.314099,6.277183
Bulgaria,BGR,2017,47.569757,25.793896,12.338317,6.038602,1.239304,0.877462,1.282177,6.623075
Bulgaria,BGR,2018,43.616065,22.089263,12.555814,5.781013,1.223503,0.711454,1.25502,6.128063
Bulgaria,BGR,2019,42.255765,20.767134,13.091638,5.244746,1.1271,0.827004,1.198143,5.991574
Bulgaria,BGR,2020,36.967113,16.597579,12.141451,5.36171,1.065905,0.684223,1.116245,5.296774
Bulgaria,BGR,2021,42.56021,20.853566,12.778482,6.06179,1.065905,0.684223,1.116245,6.180805
Canada,CAN,2000,566.690447,129.348416,237.661473,172.81718,7.232124,16.249763,3.38149,18.469011
Canada,CAN,2001,558.777507,126.825289,241.579627,164.84765,6.982743,15.675062,2.867136,18.023474
Canada,CAN,2002,564.050931,124.207371,242.471456,171.160253,7.148304,16.116984,2.946563,18.00791
Canada,CAN,2003,581.30532,123.322189,258.360564,173.878669,7.248136,15.548064,2.947697,18.384422
Canada,CAN,2004,579.592044,115.671275,267.364131,169.898775,7.519955,16.041633,3.096275,18.162386
Canada,CAN,2005,574.653628,116.76522,261.212721,170.328128,7.613986,15.733328,3.000245,17.837569
Canada,CAN,2006,568.450936,114.090517,259.34571,168.240515,7.728498,16.088779,2.956916,17.473665
Canada,CAN,2007,593.515764,118.793126,266.117076,181.886055,7.73102,16.132977,2.85551,18.060601
Canada,CAN,2008,576.558336,112.63213,257.303248,181.568155,6.988372,15.34164,2.724791,17.356522
Canada,CAN,2009,543.96759,93.378892,253.572199,174.992114,5.364043,14.39848,2.261862,16.192443
Canada,CAN,2010,556.560518,95.767083,259.503834,178.294216,6.005436,14.73469,2.255258,16.387061
Canada,CAN,2011,567.054133,86.722655,261.661005,195.282737,6.020141,14.936635,2.43096,16.520857
Canada,CAN,2012,568.223147,81.445934,263.709536,198.17249,6.532305,15.818377,2.544506,16.379141
Canada,CAN,2013,572.613311,78.970095,263.938583,204.540349,5.973037,16.722913,2.468334,16.330663
Canada,CAN,2014,569.839687,76.685625,256.683199,211.161562,5.911522,16.888576,2.509203,16.095071
Canada,CAN,2015,574.29819,78.098819,258.061213,213.496439,6.184772,16.132493,2.324454,16.072321
Canada,CAN,2016,560.525313,73.497136,256.234514,208.265201,6.114245,14.134506,2.279709,15.521199
Canada,CAN,2017,571.544619,72.688193,260.403026,214.581205,6.827239,14.834711,2.210246,15.635476
Canada,CAN,2018,584.369116,60.795568,266.964272,231.980501,6.914762,15.549502,2.164511,15.778726
Canada,CAN,2019,584.714184,58.325705,269.32597,231.962485,7.125179,15.827711,2.147135,15.582994
Canada,CAN,2020,534.863824,48.034995,238.378466,223.719402,6.624708,16.056983,2.049271,14.116709
Canada,CAN,2021,545.634517,43.86208,241.659653,235.381822,6.624708,16.056983,2.049271,14.300468
China,CHN,2000,3644.464203,2601.736784,648.685552,59.79648,244.3882,0,89.857187,2.883053
China,CHN,2001,3723.730766,2637.654976,659.30016,67.157456,270.828174,0,88.79,2.92576
China,CHN,2002,4112.459057,3018.634032,653.086016,53.992704,296.590305,0,90.156,3.210536
China,CHN,2003,4827.445998,3601.712,727.098816,60.745456,345.186136,0,92.70359,3.745477
China,CHN,2004,5223.754656,3835.288336,839.09264,71.52128,379.99216,0,97.86024,4.028136
China,CHN,2005,5876.55534,4424.38992,850.172576,84.957168,411.648776,0,105.3869,4.503496
China,CHN,2006,6488.803816,4905.374192,898.533712,103.753488,470.086624,0,111.0558,4.941642
China,CHN,2007,6978.611952,5289.903664,927.351072,129.515072,514.980844,0,116.8613,5.280773
China,CHN,2008,7496.832207,5729.473744,970.11728,149.6744,525.924483,0,121.6423,5.636008
China,CHN,2009,7886.532768,6028.500112,982.347712,164.40368,583.560264,0,127.721,5.889315
China,CHN,2010,8616.652695,6568.793552,1092.571824,199.585408,639.591911,0,116.11,6.391268
China,CHN,2011,9528.555734,7309.786256,1123.85872,245.989968,708.56429,0,140.3565,7.021286
China,CHN,2012,9779.281618,7464.806432,1176.71192,277.599296,714.781655,3.659815,141.7225,7.156126
China,CHN,2013,9956.308273,7493.454393,1234.621903,320.127464,748.323128,3.564518,156.216868,7.235162
China,CHN,2014,9998.621253,7425.066688,1255.605168,370.221552,778.627084,3.877594,165.223167,7.218233
China,CHN,2015,9866.904318,7266.978828,1328.805063,380.052208,721.994964,3.854226,165.21903,7.079569
China,CHN,2016,9764.979745,7071.403711,1357.837577,421.726239,743.044097,3.04058,167.927541,6.965584
China,CHN,2017,10011.10711,7163.317856,1430.586816,486.35936,758.185168,2.924697,169.733211,7.098687
China,CHN,2018,10353.87699,7316.399776,1500.473952,575.368912,786.74461,3.350856,171.538883,7.306542
China,CHN,2019,10740.99607,7543.157408,1559.72816,630.17136,826.876048,3.806248,177.256846,7.554165
China,CHN,2020,10956.21337,7605.716883,1627.725238,687.880944,858.232613,5.118808,171.538883,7.68895
China,CHN,2021,11472.36917,7955.985419,1713.33998,773.866062,852.961348,4.677478,171.538883,8.045741
Croatia,HRV,2000,19.662487,1.795015,11.164771,4.562353,1.26278,0.711419,0.166149,4.322914
Croatia,HRV,2001,20.785304,1.906699,11.618255,4.850616,1.449745,0.762151,0.197838,4.612029
Croatia,HRV,2002,21.88946,2.317912,12.122187,5.025431,1.429237,0.77636,0.218333,4.882914
Croatia,HRV,2003,23.215261,2.599679,13.327787,4.904737,1.432676,0.728802,0.22158,5.203886
Croatia,HRV,2004,22.887891,2.770105,12.332807,5.255877,1.516749,0.777919,0.234434,5.151044
Croatia,HRV,2005,23.343921,2.747406,12.895491,5.116001,1.549692,0.756744,0.278587,5.269888
Croatia,HRV,2006,23.549946,2.554646,13.21034,5.059593,1.642304,0.765971,0.317091,5.330985
Croatia,HRV,2007,24.862861,2.776955,13.501001,5.870851,1.668799,0.727597,0.317657,5.643555
Croatia,HRV,2008,23.594994,2.848921,12.526465,5.693071,1.572526,0.636818,0.317192,5.370232
Croatia,HRV,2009,21.804455,2.02906,12.478855,5.256202,1.250258,0.573861,0.216219,4.975766
Croatia,HRV,2010,21.016283,2.738199,10.60084,5.712434,1.212627,0.541522,0.210661,4.810669
Croatia,HRV,2011,20.649618,2.794497,10.455572,5.564328,1.085918,0.558887,0.190415,4.745029
Croatia,HRV,2012,19.087403,2.483775,9.741771,5.194847,1.040872,0.473242,0.152896,4.406553
Croatia,HRV,2013,18.432191,2.677987,9.104152,4.911808,1.141027,0.452796,0.144421,4.277748
Croatia,HRV,2014,17.681566,2.569636,8.991591,4.305073,1.225087,0.441163,0.149017,4.127377
Croatia,HRV,2015,17.824705,2.376274,9.419466,4.460983,1.169235,0.249534,0.149212,4.189302
Croatia,HRV,2016,18.109014,2.561225,9.369451,4.72911,1.076508,0.236723,0.135997,4.287425
Croatia,HRV,2017,18.743995,1.551263,10.012453,5.432159,1.287251,0.311593,0.149275,4.470875
Croatia,HRV,2018,17.724152,1.448575,9.585512,5.042393,1.210718,0.284635,0.152318,4.260117
Croatia,HRV,2019,17.857446,1.677532,9.321468,5.244501,1.184111,0.286938,0.142896,4.324096
Croatia,HRV,2020,16.870528,1.423842,8.273147,5.519125,1.212949,0.288184,0.153282,4.117908
Croatia,HRV,2021,17.701451,1.685619,9.05049,5.310927,1.212949,0.288184,0.153282,4.359818
Cyprus,CYP,2000,7.122416,0.117065,6.200932,0.001672,0.762708,0,0.04004,7.51122
Cyprus,CYP,2001,6.996583,0.126621,6.083116,0.000167,0.745044,0,0.041635,7.251623
Cyprus,CYP,2002,7.185924,0.126621,6.239885,0.000419,0.765985,0,0.053014,7.316196
Cyprus,CYP,2003,7.576801,0.126621,6.627983,0.000731,0.750984,0,0.070482,7.57415
Cyprus,CYP,2004,7.803428,0.137379,6.780155,0.000947,0.807692,0,0.077255,7.660303
Cyprus,CYP,2005,7.957711,0.152322,6.943949,0.000967,0.788178,0,0.072296,7.673323
Cyprus,CYP,2006,8.185408,0.150668,7.131202,0.001166,0.821001,0,0.081372,7.755461
Cyprus,CYP,2007,8.504782,0.118531,7.486826,0.001106,0.812413,0,0.085907,7.919728
Cyprus,CYP,2008,8.717247,0.11064,7.705067,0.000537,0.818201,0,0.082803,7.979977
Cyprus,CYP,2009,8.471739,0.05884,7.685023,0.001139,0.673105,0,0.053632,7.625506
Cyprus,CYP,2010,8.102698,0.070807,7.441171,0.000738,0.555051,0,0.034931,7.172522
Cyprus,CYP,2011,7.789403,0.030575,7.186093,0.000909,0.546043,0,0.025784,6.802461
Cyprus,CYP,2012,7.264032,0.001202,6.734639,0.000549,0.504536,0,0.023107,6.280744
Cyprus,CYP,2013,6.583978,0.001202,5.816801,0.000791,0.752294,0,0.01289,5.641952
Cyprus,CYP,2014,6.952145,0.009148,5.956798,0.000407,0.973762,0,0.01203,5.906691
Cyprus,CYP,2015,6.972964,0.014687,6.069755,0.000398,0.877127,0,0.010997,5.873058
Cyprus,CYP,2016,7.375415,0.001951,6.476654,0.000394,0.883247,0,0.013169,6.157052
Cyprus,CYP,2017,7.525365,0.011694,6.57434,0.000418,0.922877,0,0.016037,6.226911
Cyprus,CYP,2018,7.342546,0.05385,6.420236,0.000223,0.848164,0,0.020074,6.024253
Cyprus,CYP,2019,7.343176,0.068051,6.460511,0.000226,0.789212,0,0.025176,5.975717
Cyprus,CYP,2020,7.269578,0.068052,6.299155,0.00022,0.882317,0,0.019833,5.874231
Cyprus,CYP,2021,7.600422,0.201473,6.496579,0.00022,0.882317,0,0.019833,6.108741
Czech Republic,CZE,2000,127.155962,86.836246,18.11629,18.134411,1.936861,0.322435,1.809719,12.423993
Czech Republic,CZE,2001,127.030014,84.798002,19.172562,19.299964,1.628836,0.331641,1.799009,12.417066
Czech Republic,CZE,2002,123.94689,82.675708,19.234477,18.538867,1.403479,0.333972,1.760388,12.106352
Czech Republic,CZE,2003,127.478649,83.968217,20.969221,18.97373,1.484852,0.322744,1.759886,12.439322
Czech Republic,CZE,2004,128.247534,83.408028,21.99812,19.119756,1.626764,0.314484,1.780382,12.498543
Czech Republic,CZE,2005,125.688561,80.603255,22.602097,18.759177,1.624534,0.313768,1.78573,12.226379
Czech Republic,CZE,2006,126.566097,81.883526,22.407563,18.415319,1.748455,0.335792,1.775442,12.282229
Czech Republic,CZE,2007,128.369906,83.626451,23.073623,17.459443,2.043081,0.303329,1.863979,12.417492
Czech Republic,CZE,2008,122.912256,78.658338,22.887978,17.297588,1.996149,0.298041,1.774162,11.842875
Czech Republic,CZE,2009,115.013223,73.285514,22.012917,16.31528,1.566075,0.259449,1.573987,11.036138
Czech Republic,CZE,2010,117.482148,74.552782,21.15383,18.398426,1.469,0.266721,1.641389,11.226466
Czech Republic,CZE,2011,115.185836,73.743722,20.917488,16.82475,1.664531,0.262402,1.772943,10.973864
Czech Republic,CZE,2012,111.280674,70.748821,20.432937,16.624004,1.51715,0.265973,1.691788,10.587003
Czech Republic,CZE,2013,106.711393,66.848675,19.786045,16.82618,1.331788,0.201347,1.717358,10.148924
Czech Republic,CZE,2014,104.228848,64.879622,20.831922,15.112665,1.482727,0.2032,1.718712,9.91034
Czech Republic,CZE,2015,104.995655,64.295744,21.350403,15.908707,1.558164,0.192151,1.690486,9.976974
Czech Republic,CZE,2016,106.655719,64.708775,21.391062,17.008725,1.697599,0.158792,1.690767,10.131066
Czech Republic,CZE,2017,107.747749,64.285837,22.163491,17.7136,1.728266,0.127356,1.7292,10.231187
Czech Republic,CZE,2018,106.337972,63.553489,22.372277,16.64164,1.867543,0.104034,1.798989,10.09417
Czech Republic,CZE,2019,101.012964,57.447407,22.487223,17.361777,1.977237,0.081281,1.658039,9.586619
Czech Republic,CZE,2020,91.853879,49.846815,21.129351,17.430786,1.891029,0.052561,1.503336,8.722276
Czech Republic,CZE,2021,97.138329,51.777952,23.232264,18.681187,1.891029,0.052561,1.503336,9.241807
Denmark,DNK,2000,54.306122,15.657394,25.365901,10.639993,1.38526,0.72304,0.534534,10.168438
Denmark,DNK,2001,55.896359,16.557831,25.60819,11.104576,1.387852,0.770498,0.467412,10.42697
Denmark,DNK,2002,55.553625,16.537388,25.319603,11.096408,1.4163,0.673801,0.510125,10.328454
Denmark,DNK,2003,60.645144,22.573276,24.39448,11.214438,1.329911,0.669545,0.463493,11.238168
Denmark,DNK,2004,55.099645,17.281043,24.072277,11.153815,1.458926,0.751909,0.381676,10.174272
Denmark,DNK,2005,51.534638,14.601613,23.885699,10.690007,1.363377,0.547737,0.446205,9.479704
Denmark,DNK,2006,59.487502,22.005606,24.230801,10.88206,1.395466,0.531019,0.44255,10.899411
Denmark,DNK,2007,54.709152,18.421879,24.168866,9.738138,1.407086,0.543359,0.429825,9.983928
Denmark,DNK,2008,51.256206,16.133723,23.316689,9.826361,1.154749,0.387207,0.437477,9.314651
Denmark,DNK,2009,48.851236,15.784477,22.295484,9.411788,0.764407,0.261499,0.333582,8.83953
Denmark,DNK,2010,49.203676,15.351008,21.945465,10.569318,0.672224,0.352973,0.312688,8.864171
Denmark,DNK,2011,44.248111,12.914962,20.915095,8.983264,0.861805,0.251864,0.32112,7.935435
Denmark,DNK,2012,39.870932,10.078159,19.9524,8.413963,0.871083,0.217234,0.338094,7.11859
Denmark,DNK,2013,41.772984,12.754866,19.57438,7.939518,0.867063,0.243547,0.39361,7.4258
Denmark,DNK,2014,37.577747,10.143308,19.084692,6.816457,0.887302,0.250358,0.395631,6.65016
Denmark,DNK,2015,35.227979,7.242452,19.582271,6.911255,0.931502,0.247145,0.313355,6.204517
Denmark,DNK,2016,37.033259,8.413077,19.862587,7.014874,1.095455,0.273043,0.374224,6.489257
Denmark,DNK,2017,34.78027,6.252826,20.02929,6.682384,1.193741,0.241398,0.380632,6.062149
Denmark,DNK,2018,34.724976,6.361589,20.089621,6.478645,1.159742,0.232564,0.402815,6.021652
Denmark,DNK,2019,30.955444,3.588381,19.69881,6.016661,1.129199,0.194717,0.327676,5.340941
Denmark,DNK,2020,28.282029,3.142834,18.591156,4.792077,1.226954,0.126262,0.402746,4.85475
Denmark,DNK,2021,29.576956,4.376753,18.665928,4.778313,1.226954,0.126262,0.402746,5.052228
Estonia,EST,2000,15.500382,10.848638,2.72906,1.503341,0.373718,5.30E-05,0.045571,11.096455
Estonia,EST,2001,15.900311,10.67863,3.181921,1.611393,0.379768,5.70E-05,0.048541,11.455597
Estonia,EST,2002,15.383117,10.381148,3.232211,1.359874,0.356321,4.80E-05,0.053516,11.153329
Estonia,EST,2003,17.278976,12.168204,3.174117,1.546916,0.335282,5.50E-05,0.054402,12.606318
Estonia,EST,2004,17.342298,12.011994,3.17358,1.741538,0.364802,6.20E-05,0.050322,12.728479
Estonia,EST,2005,17.109785,11.743136,3.204709,1.741067,0.372883,6.40E-05,0.047925,12.630298
Estonia,EST,2006,16.454333,11.044037,3.21513,1.728618,0.413696,6.50E-05,0.052787,12.21818
Estonia,EST,2007,19.966375,14.256835,3.322427,1.737002,0.596716,6.50E-05,0.053331,14.8939
Estonia,EST,2008,17.890232,12.321859,3.237172,1.681875,0.602722,6.20E-05,0.046542,13.380767
Estonia,EST,2009,14.440645,10.019982,2.914425,1.223858,0.257,4.30E-05,0.025338,10.820594
Estonia,EST,2010,19.002517,14.260449,3.066222,1.327925,0.310433,4.60E-05,0.037442,14.271136
Estonia,EST,2011,18.984222,14.181459,3.156393,1.190208,0.416119,4.10E-05,0.040001,14.301497
Estonia,EST,2012,17.794827,12.602224,3.241552,1.27492,0.407444,4.40E-05,0.268643,13.453594
Estonia,EST,2013,19.697905,14.532069,3.253254,1.212138,0.39905,4.50E-05,0.30135,14.945504
Estonia,EST,2014,18.860397,14.071926,3.293512,1.021995,0.421884,3.50E-05,0.051045,14.347679
Estonia,EST,2015,15.8469,11.263031,3.396913,0.915042,0.205612,3.10E-05,0.066271,12.054018
Estonia,EST,2016,17.559353,12.752646,3.503724,1.051739,0.185181,3.60E-05,0.066026,13.343724
Estonia,EST,2017,18.762487,13.87706,3.571821,0.922599,0.306764,3.20E-05,0.084211,14.240447
Estonia,EST,2018,17.935074,13.06273,3.503322,0.986677,0.297762,3.40E-05,0.084549,13.565103
Estonia,EST,2019,12.38019,7.775731,3.315348,0.914391,0.295485,3.20E-05,0.079203,9.329183
Estonia,EST,2020,9.34301,5.335555,3.111814,0.809566,0.020121,2.80E-05,0.065924,7.027757
Estonia,EST,2021,10.449021,6.221633,3.226733,0.914581,0.020121,2.80E-05,0.065924,7.864087
Finland,FIN,2000,57.009923,21.985056,25.820298,7.715635,0.504844,0.058479,0.925612,11.013837
Finland,FIN,2001,62.513736,26.124685,26.442807,8.389881,0.503631,0.052955,0.999777,12.049675
Finland,FIN,2002,65.04097,28.3046,26.804666,8.339674,0.484866,0.061502,1.045662,12.506445
Finland,FIN,2003,72.654324,35.015387,26.923379,9.230054,0.466621,0.056022,0.962862,13.937172
Finland,FIN,2004,68.939111,31.638443,26.911409,8.868951,0.528846,0.055037,0.936424,13.186161
Finland,FIN,2005,57.047316,21.033608,26.355567,8.121729,0.542212,0.070422,0.923778,10.874294
Finland,FIN,2006,68.37069,31.583569,26.451024,8.687111,0.573898,0.058224,1.016864,12.982801
Finland,FIN,2007,66.759835,30.347012,26.644071,8.117507,0.605468,0.08091,0.964868,12.623135
Finland,FIN,2008,58.620999,23.673561,24.939108,8.359042,0.619774,0.097135,0.932379,11.032776
Finland,FIN,2009,55.905073,22.893733,24.190767,7.498413,0.38528,0.074715,0.862164,10.471438
Finland,FIN,2010,64.080758,29.140657,25.126744,8.272525,0.525706,0.096411,0.918716,11.948074
Finland,FIN,2011,56.637171,24.079079,23.761772,7.252456,0.557828,0.087792,0.898243,10.511401
Finland,FIN,2012,51.145686,19.592491,23.668124,6.461504,0.497163,0.101813,0.824592,9.447177
Finland,FIN,2013,51.703752,21.358095,22.836903,6.063857,0.481772,0.079154,0.883971,9.506337
Finland,FIN,2014,47.595831,19.324992,21.54024,5.392475,0.468797,0.08373,0.785597,8.714887
Finland,FIN,2015,44.099095,16.840545,21.280789,4.723437,0.462146,0.108521,0.683658,8.048072
Finland,FIN,2016,47.181861,18.658283,22.862838,4.207125,0.553242,0.104111,0.796262,8.585984
Finland,FIN,2017,44.577796,17.087034,22.126732,3.88629,0.603658,0.146588,0.727494,8.093076
Finland,FIN,2018,45.796461,17.922401,22.100755,4.411671,0.601681,0.090786,0.669166,8.303288
Finland,FIN,2019,42.381841,15.255686,21.581214,4.310229,0.583481,0.065145,0.586086,7.675732
Finland,FIN,2020,37.595927,11.871713,20.139138,4.361261,0.569667,0.07634,0.577809,6.799194
Finland,FIN,2021,37.602328,12.291231,19.82569,4.26656,0.569667,0.07576,0.57342,6.792338
France,FRA,2000,406.828906,65.574517,239.492827,84.321034,8.392547,4.211911,4.836071,6.934727
France,FRA,2001,411.613943,56.039931,249.737546,88.530828,8.480744,4.174089,4.650806,6.974761
France,FRA,2002,407.790504,58.50608,244.198443,88.012542,8.464964,3.929538,4.678935,6.868307
France,FRA,2003,412.534615,59.12547,244.834575,91.651093,8.379289,3.891142,4.653045,6.906858
France,FRA,2004,413.779944,58.172907,244.831604,93.223768,8.869265,3.917479,4.764921,6.883891
France,FRA,2005,416.165831,62.003628,241.881232,94.932763,8.905855,3.92014,4.522213,6.877628
France,FRA,2006,406.462363,59.448733,236.758059,92.326064,9.094903,4.218751,4.615853,6.672161
France,FRA,2007,396.660526,61.345367,227.717663,89.253092,9.251525,4.514828,4.578051,6.467708
France,FRA,2008,390.777557,56.163627,224.45137,92.28046,8.661312,4.790286,4.430502,6.331354
France,FRA,2009,371.045218,45.185605,219.270719,90.711959,7.47417,4.506531,3.896234,5.975608
France,FRA,2010,376.645427,49.08537,215.705567,96.035487,7.675915,4.108102,4.034987,6.031677
France,FRA,2011,354.602482,41.969869,208.866801,87.791113,7.836089,3.877632,4.260978,5.648761
France,FRA,2012,356.912578,46.66766,204.8763,90.609028,7.29191,3.307063,4.160618,5.658864
France,FRA,2013,358.623337,49.416611,203.431456,91.302161,7.099684,3.05069,4.322735,5.662309
France,FRA,2014,327.107281,39.271215,197.494522,76.368623,6.766749,2.957698,4.248473,5.144127
France,FRA,2015,331.579994,37.740819,199.148404,81.391098,6.408841,2.857876,4.032957,5.196383
France,FRA,2016,334.43978,35.794215,196.489679,89.032655,6.438147,2.868307,3.816777,5.226494
France,FRA,2017,337.457549,39.789541,195.653951,89.137376,6.291276,2.816149,3.769256,5.26093
France,FRA,2018,322.526821,34.96638,189.343208,84.769711,6.495119,2.905288,4.047116,5.017701
France,FRA,2019,316.386776,29.29436,187.698122,86.356429,6.588367,2.504862,3.944637,4.912857
France,FRA,2020,280.031523,23.826985,164.451417,80.040967,5.994268,2.130951,3.586935,4.342917
France,FRA,2021,305.96371,28.877789,179.745984,85.58048,5.994268,2.14858,3.616609,4.741312
Germany,DEU,2000,899.351824,373.473132,331.125243,166.433444,15.252878,2.991838,10.07529,11.027999
Germany,DEU,2001,916.144477,376.533195,339.732989,173.813082,13.504016,2.968838,9.592357,11.239028
Germany,DEU,2002,899.449765,375.799127,325.00172,173.623112,12.822649,2.965213,9.237945,11.04386
Germany,DEU,2003,900.627666,379.536724,320.45557,174.872568,13.507148,3.002408,9.253248,11.071456
Germany,DEU,2004,886.637162,375.990449,311.160949,173.357043,14.068338,2.927693,9.132691,10.910219
Germany,DEU,2005,866.30277,363.239675,304.818223,173.429605,13.049804,2.953296,8.812165,10.667155
Germany,DEU,2006,877.938802,369.596095,304.553748,178.395732,13.340261,3.068642,8.984325,10.815009
Germany,DEU,2007,851.222968,379.386987,270.76992,174.440529,14.449074,2.988342,9.188116,10.485129
Germany,DEU,2008,854.508174,356.220854,292.852668,179.833964,13.578516,2.944403,9.07777,10.521235
Germany,DEU,2009,789.89998,317.904574,281.751205,167.411633,12.559007,2.574876,7.698685,9.720576
Germany,DEU,2010,832.540983,343.363951,281.83344,184.003635,12.431492,2.581308,8.327157,10.237197
Germany,DEU,2011,808.911525,344.697883,271.122024,168.410508,13.393265,2.672588,8.615257,9.934635
Germany,DEU,2012,813.693048,349.803212,271.558844,168.062225,13.288641,2.657051,8.323075,9.978385
Germany,DEU,2013,831.207653,356.889616,280.001778,170.536123,12.502979,2.688788,8.588369,10.176318
Germany,DEU,2014,792.255427,344.850129,270.940421,152.270963,12.904592,2.478249,8.811073,9.678314
Germany,DEU,2015,795.55657,341.018336,273.407683,157.455432,12.625554,2.373714,8.675851,9.693253
Germany,DEU,2016,800.339834,329.445089,277.783622,169.467961,12.662714,2.343803,8.636644,9.720952
Germany,DEU,2017,785.616471,310.763015,279.180926,171.412164,13.408148,2.266922,8.585296,9.50829
Germany,DEU,2018,754.408432,295.67355,265.224228,169.548548,13.227901,2.007493,8.726712,9.100585
Germany,DEU,2019,707.149948,240.086494,270.910415,172.478938,13.28664,2.028361,8.3591,8.504699
Germany,DEU,2020,639.381013,197.357678,251.383941,167.628086,13.357491,1.814935,7.838883,7.672972
Germany,DEU,2021,674.753566,230.221049,248.200624,173.484052,13.233969,1.807425,7.806447,8.089741
Greece,GRC,2000,102.973167,45.851395,45.632758,3.982331,6.536763,0.013966,0.955953,9.328877
Greece,GRC,2001,105.361862,47.019609,46.859866,3.922968,6.565919,0.009829,0.983671,9.515908
Greece,GRC,2002,105.00051,45.544278,47.893894,4.240238,6.313267,0.009631,0.999202,9.462389
Greece,GRC,2003,109.066728,45.615895,51.337949,4.756901,6.368129,0.007026,0.980828,9.816557
Greece,GRC,2004,109.485277,47.093906,49.782866,5.244634,6.363901,0.006847,0.993123,9.850147
Greece,GRC,2005,113.888965,46.604027,53.967699,5.384885,6.791115,0.005591,1.135648,10.247852
Greece,GRC,2006,112.419545,42.793817,55.700471,6.283828,6.599218,0.005621,1.036589,10.122331
Greece,GRC,2007,114.545692,45.192546,54.068922,7.80808,6.406631,0.004575,1.064938,10.327347
Greece,GRC,2008,111.080374,43.285276,52.724511,8.109119,6.053533,0.003551,0.904383,10.031078
Greece,GRC,2009,104.319843,42.242941,50.12785,6.623295,4.581723,0.004435,0.739599,9.436017
Greece,GRC,2010,97.35415,41.259858,44.001639,7.166043,4.208597,0.005968,0.712046,8.823279
Greece,GRC,2011,94.505232,42.079615,40.500829,8.810981,2.430426,0.005241,0.67814,8.587696
Greece,GRC,2012,91.392589,43.256951,36.298463,8.094044,3.099303,0.004955,0.638873,8.335975
Greece,GRC,2013,81.71326,37.290713,32.912506,7.335771,3.638957,0.004072,0.531241,7.486667
Greece,GRC,2014,78.639618,35.227168,33.490286,5.55904,3.821925,0.003746,0.537453,7.239238
Greece,GRC,2015,74.927631,29.948851,34.983654,6.034755,3.467281,0.003639,0.489452,6.93348
Greece,GRC,2016,71.364164,23.593526,35.577483,7.912128,3.772241,0.009366,0.49942,6.638686
Greece,GRC,2017,74.84505,26.019318,35.035226,9.53608,3.68521,0.007707,0.561509,6.999949
Greece,GRC,2018,71.78199,24.851033,33.840597,9.071745,3.419473,0.010971,0.58817,6.750697
Greece,GRC,2019,65.756232,17.874125,33.943412,9.998173,3.360215,0.009042,0.571265,6.218657
Greece,GRC,2020,55.610277,10.129119,31.071229,11.042299,2.977784,0.005171,0.384674,5.290054
Greece,GRC,2021,56.309279,9.775375,31.013853,12.152421,2.977784,0.005171,0.384674,5.390839
Hungary,HUN,2000,58.365151,16.473463,17.46133,22.205794,1.353058,0.189145,0.682362,5.720921
Hungary,HUN,2001,59.968212,15.899623,17.238381,24.647062,1.356593,0.144213,0.68234,5.891971
Hungary,HUN,2002,59.004707,15.628517,16.294215,24.844401,1.425783,0.140346,0.671444,5.814188
Hungary,HUN,2003,61.756177,16.162075,16.056342,27.226688,1.411835,0.146355,0.752882,6.103558
Hungary,HUN,2004,60.129554,15.477004,15.601687,26.815476,1.289299,0.118164,0.827922,5.956669
Hungary,HUN,2005,60.276272,13.598124,16.402897,28.024506,1.19894,0.112839,0.938966,5.983633
Hungary,HUN,2006,59.633211,13.617368,17.164585,26.511687,1.295854,0.117012,0.926705,5.929486
Hungary,HUN,2007,58.553668,13.571612,17.531041,25.106068,1.328096,0.104364,0.912488,5.831358
Hungary,HUN,2008,57.248107,13.063768,17.23902,24.616784,1.260648,0.179944,0.887944,5.711383
Hungary,HUN,2009,51.464055,11.189071,17.164587,21.363976,0.972707,0.179871,0.593843,5.141994
Hungary,HUN,2010,52.068732,11.672042,15.972002,22.917573,0.735351,0.188373,0.583391,5.213742
Hungary,HUN,2011,50.191329,11.954756,15.028675,21.87541,0.56362,0.186943,0.581925,5.04271
Hungary,HUN,2012,46.757481,11.455735,14.344696,19.571815,0.678421,0.150129,0.556684,4.712445
Hungary,HUN,2013,43.611553,10.165985,13.846875,18.384958,0.515881,0.150523,0.547332,4.407594
Hungary,HUN,2014,43.729844,10.184977,15.190656,17.120246,0.56571,0.128992,0.539262,4.431524
Hungary,HUN,2015,46.65347,10.517019,16.531408,18.229804,0.675693,0.131876,0.567669,4.739161
Hungary,HUN,2016,47.113086,9.769268,16.572281,19.36532,0.705228,0.136681,0.564309,4.80006
Hungary,HUN,2017,49.515229,10.047647,17.472752,20.486028,0.783129,0.142545,0.583128,5.058282
Hungary,HUN,2018,49.463319,9.446999,18.559711,19.846076,0.881792,0.147206,0.581535,5.059483
Hungary,HUN,2019,49.234646,8.18614,19.363543,19.969006,1.022863,0.14945,0.543644,5.038444
Hungary,HUN,2020,47.284497,7.440498,17.372881,20.895433,0.928787,0.162081,0.484817,4.849407
Hungary,HUN,2021,48.454619,6.391263,18.375345,22.112327,0.928787,0.162081,0.484817,4.990287
Iceland,ISL,2000,2.923141,0.465699,2.238586,0.000215,0.064442,0.153146,0.001052,10.38556
Iceland,ISL,2001,2.855336,0.502106,2.150528,0.00025,0.057689,0.14377,0.000993,10.010365
Iceland,ISL,2002,2.982484,0.51288,2.282585,0.000236,0.038268,0.147412,0.001102,10.363116
Iceland,ISL,2003,2.976171,0.510264,2.293774,0.00025,0.032113,0.136344,0.003427,10.269706
Iceland,ISL,2004,3.100137,0.525751,2.39558,0.000221,0.049791,0.122901,0.005893,10.603797
Iceland,ISL,2005,2.968443,0.484469,2.306615,8.30E-05,0.053949,0.118159,0.005168,9.993781
Iceland,ISL,2006,3.144668,0.515156,2.43703,9.10E-05,0.061048,0.127426,0.003916,10.34192
Iceland,ISL,2007,3.483689,0.596389,2.674027,0.000149,0.063172,0.147373,0.002579,11.170932
Iceland,ISL,2008,3.801137,0.639214,2.909434,0.000159,0.060828,0.18594,0.005562,11.963984
Iceland,ISL,2009,3.719715,0.621769,2.8957,0.000164,0.028097,0.170111,0.003873,11.667863
Iceland,ISL,2010,3.616621,0.626117,2.788367,0.000133,0.009924,0.189644,0.002437,11.361126
Iceland,ISL,2011,3.494164,0.639488,2.652413,0.000161,0.019647,0.179512,0.002943,10.943442
Iceland,ISL,2012,3.49087,0.658973,2.655749,4.10E-05,0,0.17205,0.004056,10.875697
Iceland,ISL,2013,3.48008,0.661003,2.64249,6.20E-05,0,0.173138,0.003387,10.740192
Iceland,ISL,2014,3.436352,0.625165,2.625463,0.000148,0,0.182954,0.002622,10.488067
Iceland,ISL,2015,3.533853,0.661181,2.705333,0.000182,0,0.163135,0.004022,10.674359
Iceland,ISL,2016,3.485184,0.660089,2.67244,8.00E-05,0,0.148961,0.003613,10.382613
Iceland,ISL,2017,3.60162,0.693221,2.758626,4.80E-05,0,0.146479,0.003247,10.481037
Iceland,ISL,2018,3.658953,0.715029,2.783351,3.20E-05,0,0.156462,0.00408,10.366893
Iceland,ISL,2019,3.546263,0.684012,2.692315,0.000227,0,0.163106,0.006603,9.829598
Iceland,ISL,2020,3.328876,0.667573,2.480043,0.0002,0,0.174873,0.006187,9.078694
Ireland,IRL,2000,45.249116,11.107352,23.657578,8.208982,1.700904,3.70E-05,0.574263,12.005762
Ireland,IRL,2001,47.607612,11.65916,24.844206,8.601435,1.85119,0.056092,0.59553,12.433374
Ireland,IRL,2002,46.081589,11.31475,23.796955,8.63256,1.859797,4.40E-05,0.477482,11.833214
Ireland,IRL,2003,45.684109,10.842907,23.272473,8.839606,2.126951,4.50E-05,0.602127,11.540165
Ireland,IRL,2004,46.166785,10.206544,24.456139,8.756195,2.295081,4.80E-05,0.452777,11.450226
Ireland,IRL,2005,48.156597,11.16026,25.776718,8.400047,2.357055,4.30E-05,0.462474,11.685046
Ireland,IRL,2006,47.604659,10.020683,25.361371,9.428956,2.347851,5.00E-05,0.445749,11.241284
Ireland,IRL,2007,47.664334,9.670674,24.828674,10.207724,2.374056,6.10E-05,0.583145,10.932603
Ireland,IRL,2008,47.363258,9.643891,24.384115,10.771399,2.106733,6.20E-05,0.457058,10.637711
Ireland,IRL,2009,42.179308,8.604719,21.400239,10.38164,1.326776,6.50E-05,0.465869,9.373613
Ireland,IRL,2010,41.793616,8.426884,20.274457,11.365219,1.105109,7.30E-05,0.621873,9.237005
Ireland,IRL,2011,38.056383,8.310956,18.367395,9.85002,0.966273,6.20E-05,0.561676,8.374161
Ireland,IRL,2012,38.227157,9.62159,17.460983,9.523164,1.177022,5.50E-05,0.444342,8.374792
Ireland,IRL,2013,37.28175,8.738544,17.659054,9.066713,1.111746,5.20E-05,0.705641,8.124453
Ireland,IRL,2014,36.853014,8.647303,17.368282,8.795856,1.461122,4.50E-05,0.580406,7.973103
Ireland,IRL,2015,38.71804,9.351334,18.246563,8.888227,1.652014,0.000405,0.579496,8.298335
Ireland,IRL,2016,40.369543,9.205271,18.850458,9.910448,1.793524,0.001367,0.608474,8.560508
Ireland,IRL,2017,39.078033,7.869732,18.679321,10.151617,1.839605,0.00476,0.532997,8.189277
Ireland,IRL,2018,39.012368,6.35416,19.503747,10.59865,1.916043,0.000205,0.639563,8.069565
Ireland,IRL,2019,37.325663,4.543313,19.544584,10.83591,1.892599,0.000286,0.508972,7.623676
Ireland,IRL,2020,35.153202,3.757762,18.136652,10.951807,1.76964,0.000334,0.537006,7.107229
Ireland,IRL,2021,37.540329,6.292886,18.438844,10.501618,1.76964,0.000334,0.537006,7.528353
Italy,ITA,2000,470.487187,56.032194,255.585246,134.813295,15.862119,3.261918,4.932415,8.25903
Italy,ITA,2001,470.568081,59.024471,251.784766,135.107373,16.394484,3.070873,5.186114,8.256306
Italy,ITA,2002,477.998974,60.015667,257.670837,135.864675,16.288779,2.842968,5.316048,8.37015
Italy,ITA,2003,495.96164,65.125831,255.94732,149.02423,16.93841,3.383522,5.542327,8.636659
Italy,ITA,2004,501.563232,72.217312,248.797516,154.661764,17.407936,2.646031,5.832673,8.668467
Italy,ITA,2005,502.255442,71.264929,239.412268,165.659608,17.403219,2.557067,5.958352,8.629837
Italy,ITA,2006,496.846732,70.786907,237.470807,162.584734,17.473865,2.591484,5.938934,8.503296
Italy,ITA,2007,490.566288,70.675246,230.016244,163.512326,17.913986,2.52629,5.922195,8.346018
Italy,ITA,2008,478.868679,68.138769,219.440504,167.141928,16.127209,2.596047,5.424222,8.085689
Italy,ITA,2009,424.694439,52.387805,198.742114,154.034299,13.340683,2.231504,3.958034,7.130191
Italy,ITA,2010,436.117437,58.218054,193.788095,164.346876,13.276015,2.376961,4.111436,7.290197
Italy,ITA,2011,424.25627,65.439039,186.435386,153.000385,12.583285,2.615166,4.183009,7.067881
Italy,ITA,2012,403.696912,66.958995,172.679658,147.713829,10.07146,2.527781,3.745189,6.707027
Italy,ITA,2013,369.67972,57.781948,159.183247,137.700968,8.877183,2.701607,3.434768,6.129395
Italy,ITA,2014,349.390357,55.837154,157.836392,121.589383,8.338587,2.501145,3.287696,5.792012
Italy,ITA,2015,361.163177,53.062916,161.533251,132.756286,8.196151,2.574287,3.040286,5.996111
Italy,ITA,2016,358.182542,48.558932,156.014581,140.791993,7.680499,2.188706,2.947833,5.95793
Italy,ITA,2017,352.735387,42.039754,148.777563,148.758171,7.711494,2.351278,3.097127,5.878528
Italy,ITA,2018,349.005042,39.424353,152.69847,143.671675,7.756716,2.295171,3.158657,5.828658
Italy,ITA,2019,339.233207,30.657925,148.115767,146.75843,7.911519,2.756337,3.033228,5.679641
Italy,ITA,2020,302.2786,22.269892,127.28358,140.800754,7.059192,2.112523,2.75266,5.080263
Italy,ITA,2021,328.68732,23.999725,141.807282,150.955938,7.059192,2.112523,2.75266,5.548371
Japan,JPN,2000,1264.594656,372.149786,676.422214,170.603597,35.085743,0.51163,9.821687,9.97284
Japan,JPN,2001,1249.988539,381.227601,654.741169,169.623171,34.374185,0.548238,9.474174,9.837338
Japan,JPN,2002,1279.3623,398.394136,665.69478,173.418885,32.417253,0.524611,8.912634,10.049841
Japan,JPN,2003,1287.691834,411.820508,655.805004,178.651846,31.935273,0.505778,8.973423,10.099357
Japan,JPN,2004,1283.076662,419.813966,644.657995,177.564951,31.27619,0.477135,9.286425,10.049845
Japan,JPN,2005,1290.599508,430.348308,641.774213,176.001001,32.279646,0.507807,9.688533,10.098716
Japan,JPN,2006,1267.623958,427.482811,604.984148,192.654372,31.990874,0.553147,9.958606,9.910887
Japan,JPN,2007,1303.36203,444.982442,607.551169,209.122344,30.65835,0.615672,10.432054,10.182005
Japan,JPN,2008,1232.480695,426.290792,562.867939,204.484663,28.552561,0.565197,9.719543,9.622919
Japan,JPN,2009,1163.375134,411.271552,515.862741,202.176743,25.308482,0.500873,8.254744,9.080565
Japan,JPN,2010,1215.058103,445.976928,521.743014,213.341562,24.321271,0.474575,9.200753,9.484829
Japan,JPN,2011,1265.034863,430.475991,552.298459,247.922677,24.982896,0.4775,8.877341,9.882525
Japan,JPN,2012,1306.182513,450.013486,564.128956,257.022425,25.624795,0.490291,8.902561,10.216229
Japan,JPN,2013,1315.5687,481.216134,541.435289,256.490809,26.805206,0.438664,9.182599,10.303726
Japan,JPN,2014,1264.413251,472.934047,496.771315,258.548469,26.557375,0.449102,9.152943,9.918777
Japan,JPN,2015,1223.605161,465.830288,476.378763,246.428641,25.93614,0.424732,8.606597,9.615687
Japan,JPN,2016,1203.888206,456.551209,460.878576,251.595944,25.969471,0.457129,8.435877,9.479893
Japan,JPN,2017,1188.358949,458.482158,448.847338,245.692546,26.428778,0.436103,8.472026,9.382092
Japan,JPN,2018,1143.411908,441.964043,432.510939,233.953267,26.182944,0.423414,8.3773,9.056307
Japan,JPN,2019,1106.015486,432.250117,415.860472,224.230136,25.328006,0.36898,7.977774,8.792438
Japan,JPN,2020,1042.224016,399.366949,387.85735,222.604846,24.490267,0.344529,7.560075,8.321498
Japan,JPN,2021,1067.398435,418.820499,395.359389,221.525076,23.788868,0.344529,7.560075,8.565739
Kazakhstan,KAZ,2000,147.473712,90.498794,25.427307,14.152646,0.001999,16.132079,1.260886,9.679133
Kazakhstan,KAZ,2001,142.295087,88.424584,24.955466,11.192608,0.158182,15.975569,1.58868,9.311723
Kazakhstan,KAZ,2002,159.971295,91.19773,36.545939,14.307133,0.026942,15.589078,2.304473,10.429081
Kazakhstan,KAZ,2003,177.823927,102.150449,40.412579,16.175043,0.00052,16.141565,2.943771,11.534491
Kazakhstan,KAZ,2004,187.304225,108.806836,42.146222,17.299271,0.345937,16.331076,2.374883,12.067076
Kazakhstan,KAZ,2005,200.43793,109.271752,52.771613,18.118596,0.355198,16.396474,3.524296,12.802424
Kazakhstan,KAZ,2006,220.048086,114.456861,56.355938,27.992822,0.475598,16.376724,4.390143,13.907071
Kazakhstan,KAZ,2007,226.128841,124.845658,56.450498,23.985991,0.596891,16.477869,3.771935,14.127635
Kazakhstan,KAZ,2008,227.121447,121.365975,53.524982,30.334053,0.984189,16.936001,3.976247,14.022857
Kazakhstan,KAZ,2009,221.057174,130.767979,40.274071,29.953277,0.932672,16.128092,3.001083,13.477149
Kazakhstan,KAZ,2010,246.982754,140.333624,52.15321,34.211553,1.025235,16.391153,2.86798,14.853571
Kazakhstan,KAZ,2011,237.033962,137.589848,40.35066,38.658557,1.066332,16.406333,2.962233,14.054855
Kazakhstan,KAZ,2012,243.921902,148.665445,39.979448,34.442119,2.321314,16.462064,2.051512,14.26205
Kazakhstan,KAZ,2013,251.452709,146.942028,50.234151,30.732232,3.030554,16.435439,4.078305,14.496518
Kazakhstan,KAZ,2014,297.643502,190.257744,40.811784,43.406802,3.237937,16.54415,3.385084,16.918967
Kazakhstan,KAZ,2015,301.273154,183.235611,41.434762,52.648057,3.456792,16.175616,4.322317,16.891382
Kazakhstan,KAZ,2016,304.839535,183.031911,43.012721,54.721206,3.524569,17.295004,3.254124,16.861943
Kazakhstan,KAZ,2017,320.791449,187.961862,45.136156,62.751164,3.817253,17.820607,3.304406,17.515408
Kazakhstan,KAZ,2018,331.8207,190.787784,48.946831,68.573948,3.890766,16.760128,2.861242,17.899392
Kazakhstan,KAZ,2019,297.569458,176.146122,49.060757,50.438959,3.800151,14.698167,3.425302,15.866768
Kazakhstan,KAZ,2020,278.404593,181.010491,40.068642,32.208293,4.448138,16.843902,3.825127,14.668899
Kazakhstan,KAZ,2021,276.68346,180.818472,42.767601,27.98022,4.448138,16.843902,3.825127,14.413251
Latvia,LVA,2000,7.081469,0.569863,3.880005,2.504234,0.088369,7.00E-06,0.03899,2.959824
Latvia,LVA,2001,7.496323,0.525763,3.919489,2.905579,0.109857,7.00E-06,0.035629,3.177419
Latvia,LVA,2002,7.520245,0.435511,3.935504,2.979214,0.117455,7.00E-06,0.052554,3.232923
Latvia,LVA,2003,7.725858,0.387864,4.058192,3.091749,0.128849,6.00E-06,0.059197,3.367352
Latvia,LVA,2004,7.730934,0.32156,4.162106,3.07175,0.13692,5.00E-06,0.038593,3.415564
Latvia,LVA,2005,7.810471,0.3617,4.130018,3.151856,0.134381,6.00E-06,0.032509,3.497502
Latvia,LVA,2006,8.309829,0.381311,4.472516,3.261517,0.169238,4.00E-06,0.025242,3.770489
Latvia,LVA,2007,8.637101,0.45359,4.832293,3.146682,0.171492,5.00E-06,0.03304,3.969159
Latvia,LVA,2008,8.197894,0.440299,4.47117,3.084859,0.167696,5.00E-06,0.033866,3.812244
Latvia,LVA,2009,7.456006,0.362411,4.071635,2.827001,0.178057,4.00E-06,0.016899,3.506621
Latvia,LVA,2010,8.554094,0.455342,4.250849,3.392969,0.430567,4.00E-06,0.024363,4.070412
Latvia,LVA,2011,7.810795,0.442418,3.816106,2.975287,0.55696,5.00E-06,0.020018,3.760661
Latvia,LVA,2012,7.51941,0.400164,3.729906,2.792478,0.575087,5.00E-06,0.021771,3.661511
Latvia,LVA,2013,7.368437,0.301134,3.771566,2.728688,0.5405,8.00E-06,0.026541,3.627117
Latvia,LVA,2014,7.171961,0.24243,3.890707,2.448369,0.558629,1.40E-05,0.031812,3.566296
Latvia,LVA,2015,7.262099,0.190231,4.066391,2.50596,0.470311,1.30E-05,0.029193,3.645714
Latvia,LVA,2016,7.210325,0.165653,4.058759,2.607191,0.34634,1.20E-05,0.03237,3.653617
Latvia,LVA,2017,7.214946,0.167253,4.27663,2.299365,0.437076,1.60E-05,0.034606,3.69077
Latvia,LVA,2018,7.859363,0.197038,4.362586,2.703732,0.550932,9.00E-06,0.045065,4.060364
Latvia,LVA,2019,7.648673,0.166208,4.318617,2.548376,0.561458,1.00E-05,0.054004,3.990844
Latvia,LVA,2020,6.994113,0.098523,4.170118,2.103025,0.550832,1.10E-05,0.071604,3.686832
Latvia,LVA,2021,7.266214,0.137075,4.235802,2.27089,0.550832,1.10E-05,0.071604,3.87755
Liechtenstein,LIE,2000,0.21686,6.30E-05,0.162872,0.053925,0,0,0,6.566342
Liechtenstein,LIE,2001,0.214671,3.40E-05,0.154966,0.059671,0,0,0,6.431899
Liechtenstein,LIE,2002,0.220018,3.10E-05,0.158851,0.061136,0,0,0,6.530089
Liechtenstein,LIE,2003,0.229355,3.40E-05,0.163923,0.065397,0,0,0,6.745721
Liechtenstein,LIE,2004,0.229391,2.60E-05,0.160277,0.069088,0,0,0,6.687779
Liechtenstein,LIE,2005,0.228986,2.30E-05,0.156867,0.072096,0,0,0,6.617528
Liechtenstein,LIE,2006,0.231121,1.60E-05,0.157669,0.073436,0,0,0,6.62446
Liechtenstein,LIE,2007,0.200794,1.30E-05,0.130126,0.070655,0,0,0,5.712487
Liechtenstein,LIE,2008,0.219536,1.00E-05,0.146698,0.072827,0,0,0,6.201403
Liechtenstein,LIE,2009,0.205375,5.00E-06,0.147851,0.057518,0,0,0,5.756823
Liechtenstein,LIE,2010,0.19083,5.00E-06,0.130264,0.060561,0,0,0,5.311764
Liechtenstein,LIE,2011,0.176782,5.00E-06,0.123212,0.053565,0,0,0,4.884965
Liechtenstein,LIE,2012,0.185325,0,0.130825,0.0545,0,0,0,5.076714
Liechtenstein,LIE,2013,0.192545,0,0.134731,0.057814,0,0,0,5.231345
Liechtenstein,LIE,2014,0.161259,0,0.113199,0.048059,0,0,0,4.347077
Liechtenstein,LIE,2015,0.159774,0,0.108468,0.051305,0,0,0,4.277173
Liechtenstein,LIE,2016,0.149838,0,0.098863,0.050975,0,0,0,3.984106
Liechtenstein,LIE,2017,0.155769,0,0.102288,0.053481,0,0,0,4.111204
Liechtenstein,LIE,2018,0.14295,0,0.093291,0.049659,0,0,0,3.744019
Liechtenstein,LIE,2019,0.149026,0,0.098729,0.050296,0,0,0,3.872608
Liechtenstein,LIE,2020,0.141996,0,0.093475,0.048521,0,0,0,3.663848
Liechtenstein,LIE,2021,0.15095,0,0.095377,0.055573,0,0,0,3.866656
Lithuania,LTU,2000,11.8764,0.37847,6.494099,4.530097,0.292541,0.110203,0.07099,3.299333
Lithuania,LTU,2001,12.627074,0.342059,7.156408,4.642064,0.283389,0.123315,0.079839,3.546789
Lithuania,LTU,2002,12.69916,0.54751,6.937168,4.738516,0.2905,0.11462,0.070847,3.612027
Lithuania,LTU,2003,12.692601,0.713543,6.386961,5.127024,0.292463,0.095923,0.076688,3.658153
Lithuania,LTU,2004,13.287306,0.687531,6.871824,5.177496,0.351024,0.118553,0.080878,3.882236
Lithuania,LTU,2005,14.117414,0.763105,7.238339,5.552448,0.383313,0.113046,0.067163,4.184756
Lithuania,LTU,2006,14.434081,1.030194,7.177341,5.517216,0.515276,0.105633,0.088421,4.343779
Lithuania,LTU,2007,15.824054,1.024928,7.559943,6.551531,0.524055,0.082772,0.080825,4.835585
Lithuania,LTU,2008,15.20423,0.86736,7.828545,5.836302,0.453817,0.140767,0.077439,4.715399
Lithuania,LTU,2009,13.043233,0.688946,6.892875,4.921338,0.284023,0.227784,0.028267,4.101028
Lithuania,LTU,2010,13.946613,0.842852,6.848402,5.66358,0.289045,0.257944,0.04479,4.442985
Lithuania,LTU,2011,14.292825,0.972862,6.525788,6.160258,0.319844,0.244249,0.069826,4.610889
Lithuania,LTU,2012,14.349487,0.950419,6.759872,5.937292,0.395191,0.232871,0.073841,4.68426
Lithuania,LTU,2013,13.355973,1.091504,6.551776,4.914412,0.460789,0.265389,0.072103,4.410548
Lithuania,LTU,2014,13.108084,0.922524,6.80997,4.634943,0.400828,0.251207,0.088612,4.376763
Lithuania,LTU,2015,13.319679,0.735889,7.132157,4.648749,0.518315,0.207193,0.077377,4.494175
Lithuania,LTU,2016,13.351177,0.748809,7.677032,4.148532,0.452401,0.250769,0.073634,4.551011
Lithuania,LTU,2017,13.571834,0.801037,7.763691,4.278543,0.450351,0.224225,0.053986,4.672772
Lithuania,LTU,2018,13.691349,0.85889,8.078841,3.949079,0.511329,0.253596,0.039615,4.760341
Lithuania,LTU,2019,13.923306,0.800845,8.192743,4.081111,0.578055,0.233942,0.036609,4.886943
Lithuania,LTU,2020,13.653155,0.621598,8.021318,4.242133,0.556685,0.18161,0.02981,4.841086
Lithuania,LTU,2021,13.880837,0.731517,8.376843,4.00437,0.556685,0.18161,0.02981,4.981189
Luxembourg,LUX,2000,8.709963,0.470808,6.070173,1.609222,0.491553,4.00E-05,0.068167,19.994039
Luxembourg,LUX,2001,9.207531,0.471383,6.459309,1.780522,0.428556,4.40E-05,0.067715,20.866925
Luxembourg,LUX,2002,9.983685,0.37087,6.561094,2.540122,0.443254,6.30E-05,0.068282,22.389311
Luxembourg,LUX,2003,10.45917,0.345734,7.080811,2.575653,0.389217,6.40E-05,0.06769,23.17303
Luxembourg,LUX,2004,11.829091,0.385448,8.087145,2.859274,0.42747,7.10E-05,0.069682,25.83967
Luxembourg,LUX,2005,12.087836,0.377213,8.392587,2.829239,0.419627,7.00E-05,0.0691,26.003176
Luxembourg,LUX,2006,11.920357,0.469509,8.00907,2.958445,0.415402,7.40E-05,0.067858,25.233396
Luxembourg,LUX,2007,11.31778,0.407653,7.6986,2.731198,0.410291,6.90E-05,0.069968,23.585195
Luxembourg,LUX,2008,11.184473,0.355641,7.782907,2.594217,0.382386,6.60E-05,0.069256,22.889217
Luxembourg,LUX,2009,10.638966,0.339359,7.21538,2.658786,0.357914,6.70E-05,0.06746,21.369049
Luxembourg,LUX,2010,11.202164,0.326491,7.592927,2.842103,0.370656,7.20E-05,0.069914,22.091948
Luxembourg,LUX,2011,11.102959,0.314884,7.864198,2.464277,0.389215,6.20E-05,0.070322,21.425763
Luxembourg,LUX,2012,10.867476,0.285579,7.632693,2.500064,0.381119,6.40E-05,0.067957,20.482064
Luxembourg,LUX,2013,10.325364,0.276175,7.508353,2.115234,0.371564,5.40E-05,0.053984,19.013092
Luxembourg,LUX,2014,9.828191,0.277324,7.110833,2.006066,0.359823,5.10E-05,0.074095,17.67441
Luxembourg,LUX,2015,9.347466,0.28822,6.823948,1.829656,0.329477,4.60E-05,0.07612,16.416113
Luxembourg,LUX,2016,9.089235,0.294294,6.68528,1.681755,0.351368,4.20E-05,0.076495,15.581073
Luxembourg,LUX,2017,9.261198,0.282571,6.874153,1.656906,0.370699,4.20E-05,0.076827,15.531547
Luxembourg,LUX,2018,9.566671,0.267196,7.243558,1.60891,0.369492,4.10E-05,0.077475,15.736909
Luxembourg,LUX,2019,9.751728,0.274406,7.395905,1.608057,0.394793,4.10E-05,0.078527,15.729279
Luxembourg,LUX,2020,8.096513,0.237493,5.94124,1.469367,0.399139,3.70E-05,0.049238,12.843474
Luxembourg,LUX,2021,8.354555,0.20919,6.125559,1.571392,0.399139,3.70E-05,0.049238,13.067857
Malta,MLT,2000,2.507257,2.90E-05,2.506987,2.90E-05,0,0,0.000213,6.280514
Malta,MLT,2001,2.647718,6.80E-05,2.647381,6.80E-05,0,0,0.000201,6.583891
Malta,MLT,2002,2.687784,5.70E-05,2.687472,5.70E-05,0,0,0.000198,6.64144
Malta,MLT,2003,2.960534,3.20E-05,2.960341,3.20E-05,0,0,0.000129,7.275486
Malta,MLT,2004,2.819964,5.20E-05,2.819677,5.20E-05,0,0,0.000182,6.898184
Malta,MLT,2005,2.644672,8.60E-05,2.644444,8.60E-05,0,0,5.70E-05,6.44715
Malta,MLT,2006,2.661658,3.10E-05,2.661416,3.10E-05,0,0,0.000179,6.472951
Malta,MLT,2007,2.731301,3.40E-05,2.731167,3.40E-05,0,0,6.70E-05,6.628069
Malta,MLT,2008,2.739894,2.00E-05,2.739808,2.00E-05,0,0,4.60E-05,6.627691
Malta,MLT,2009,2.527633,3.20E-05,2.527458,3.20E-05,0,0,0.000111,6.083351
Malta,MLT,2010,2.589131,3.20E-05,2.588882,3.20E-05,0,0,0.000185,6.182926
Malta,MLT,2011,2.577198,4.30E-05,2.576937,4.30E-05,0,0,0.000175,6.084453
Malta,MLT,2012,2.726207,1.10E-05,2.725283,1.10E-05,0,0,0.000901,6.341387
Malta,MLT,2013,2.37919,1.10E-05,2.37663,1.10E-05,0,0,0.002538,5.437838
Malta,MLT,2014,2.364387,2.30E-05,2.361862,2.30E-05,0,0,0.002478,5.296079
Malta,MLT,2015,1.665291,2.30E-05,1.663359,2.30E-05,0,0,0.001886,3.647323
Malta,MLT,2016,1.356353,1.20E-05,1.355205,1.20E-05,0,0,0.001125,2.900018
Malta,MLT,2017,1.530878,1.20E-05,0.978233,0.552342,0,0,0.000291,3.192676
Malta,MLT,2018,1.546948,1.20E-05,0.865988,0.680744,0,0,0.000204,3.146851
Malta,MLT,2019,1.649193,1.10E-05,0.940833,0.708166,0,0,0.000183,3.274579
Malta,MLT,2020,1.599576,0,0.863125,0.736261,0,0,0.000191,3.103816
Malta,MLT,2021,1.724154,0,0.880683,0.84328,0,0,0.000191,3.273205
Netherlands,NLD,2000,171.08223,30.686524,57.505653,80.976666,0.469,0.351173,1.093214,10.760474
Netherlands,NLD,2001,176.207519,32.697145,58.553544,83.049307,0.478,0.254374,1.175148,11.025625
Netherlands,NLD,2002,175.567735,32.950344,57.659065,82.163868,0.48879,1.202153,1.103515,10.934004
Netherlands,NLD,2003,179.005305,34.033139,59.532832,82.767751,0.433922,1.126542,1.111118,11.099329
Netherlands,NLD,2004,180.891772,33.535617,59.591936,85.119637,0.445866,1.08035,1.118365,11.168892
Netherlands,NLD,2005,176.91731,32.289046,59.333386,82.548924,0.420721,1.16135,1.163883,10.879298
Netherlands,NLD,2006,172.092066,30.71523,58.684183,80.002788,0.399936,1.147247,1.142681,10.54119
Netherlands,NLD,2007,171.874012,33.032612,58.610383,77.470827,0.402967,1.210913,1.14631,10.485729
Netherlands,NLD,2008,174.853119,32.019459,59.06152,81.202184,0.398937,0.999787,1.171231,10.622414
Netherlands,NLD,2009,169.529326,29.412825,55.784963,81.738632,0.416211,1.126938,1.049755,10.252007
Netherlands,NLD,2010,181.526727,30.421527,56.975204,91.539417,0.348186,1.134279,1.108113,10.924081
Netherlands,NLD,2011,168.25966,29.621894,56.387928,79.728368,0.350955,0.976545,1.19397,10.074541
Netherlands,NLD,2012,164.688781,31.877189,54.298709,76.114865,0.308087,0.86375,1.226182,9.811489
Netherlands,NLD,2013,164.674489,32.443575,52.668465,76.947365,0.274032,1.137257,1.203794,9.762913
Netherlands,NLD,2014,157.655585,35.796986,52.198939,67.011159,0.282303,1.091804,1.274395,9.298976
Netherlands,NLD,2015,164.142511,43.545755,51.888597,66.148062,0.249424,1.037323,1.273351,9.632151
Netherlands,NLD,2016,164.862023,40.067734,53.200643,68.948127,0.23898,1.103562,1.302977,9.627258
Netherlands,NLD,2017,162.493965,36.032114,52.933151,70.730035,0.297969,1.117856,1.382841,9.443372
Netherlands,NLD,2018,158.62784,32.532565,53.609722,69.856876,0.220412,1.101209,1.307055,9.176643
Netherlands,NLD,2019,153.032807,25.30793,52.999956,72.47401,0.006337,1.062042,1.182532,8.813598
Netherlands,NLD,2020,137.849518,16.994711,48.155713,70.666977,0,0.931461,1.100655,7.906683
Netherlands,NLD,2021,141.045431,23.00083,47.937075,68.082747,0.006337,0.925194,1.093249,8.058958
New Zealand,NZL,2000,32.246009,4.408803,16.472749,9.488968,0.530782,0.593257,0.751451,8.364146
New Zealand,NZL,2001,34.379213,5.411679,16.589427,10.443922,0.534743,0.612919,0.786524,8.838801
New Zealand,NZL,2002,34.542293,5.420526,17.322349,9.86039,0.550921,0.586995,0.801111,8.74802
New Zealand,NZL,2003,36.241474,7.739602,18.10184,8.52243,0.534082,0.611221,0.732298,9.015424
New Zealand,NZL,2004,35.836298,8.013108,18.484268,7.255083,0.487544,0.863323,0.732971,8.780374
New Zealand,NZL,2005,37.42407,8.918768,18.664121,7.565797,0.576644,0.90925,0.789491,9.055421
New Zealand,NZL,2006,37.33016,8.795561,18.794946,7.551604,0.544754,0.958884,0.684411,8.930707
New Zealand,NZL,2007,36.410664,6.725796,19.000671,8.259367,0.687302,1.021329,0.716198,8.625066
New Zealand,NZL,2008,37.509257,8.28447,18.859659,7.811121,0.639092,1.242176,0.672739,8.804496
New Zealand,NZL,2009,34.620669,6.316473,18.133381,7.457545,0.586049,1.366735,0.760487,8.045918
New Zealand,NZL,2010,34.811084,5.458101,18.210298,8.382277,0.557421,1.505822,0.697164,8.009291
New Zealand,NZL,2011,34.265851,5.534238,18.407233,7.625945,0.528527,1.45993,0.709977,7.820988
New Zealand,NZL,2012,35.94509,6.852585,18.153914,8.342925,0.568627,1.278919,0.748119,8.150289
New Zealand,NZL,2013,35.241004,6.01303,18.540746,8.37288,0.586336,1.09255,0.635461,7.918181
New Zealand,NZL,2014,35.438926,5.442055,18.850886,8.601687,0.619461,1.22411,0.700727,7.850553
New Zealand,NZL,2015,35.813107,5.469636,19.370571,8.30504,0.620712,1.34789,0.699259,7.801417
New Zealand,NZL,2016,34.152639,4.465043,19.489269,7.893822,0.486377,1.152258,0.66587,7.316205
New Zealand,NZL,2017,35.688127,4.669294,20.361619,8.517795,0.443775,1.089133,0.606511,7.519223
New Zealand,NZL,2018,35.704539,5.249307,20.533968,7.898728,0.417966,0.992163,0.612408,7.379218
New Zealand,NZL,2019,37.121034,5.985768,20.911832,8.240141,0.41094,0.912907,0.659446,7.485537
New Zealand,NZL,2020,34.456753,5.755663,19.124118,7.846914,0.379157,0.780728,0.570172,6.808111
New Zealand,NZL,2021,33.789825,6.751966,18.649909,6.657892,0.379157,0.780728,0.570172,6.587061
Norway,NOR,2000,42.147,4.323,22.388,11.038,0.89,2.759,0.749,9.38484
Norway,NOR,2001,43.526,3.938,23.368,12.124,0.853,2.372,0.871,9.642978
Norway,NOR,2002,42.592,3.4334,23.3666,12.296,0.875,1.912,0.709,9.385304
Norway,NOR,2003,43.98,3.2838,24.4602,13.018,0.904,1.777,0.537,9.63448
Norway,NOR,2004,44.307,3.669,24.115,13.592,0.716,1.71,0.505,9.648926
Norway,NOR,2005,43.342,3.3192,23.7148,13.423,0.78,1.587,0.518,9.374707
Norway,NOR,2006,43.926,2.7456,24.8194,13.598,0.805,1.426,0.532,9.424812
Norway,NOR,2007,45.666,3.1094,24.4526,13.915,0.869,2.824,0.496,9.697286
Norway,NOR,2008,44.795,3.2674,23.6836,14.085,0.833,2.363,0.563,9.394508
Norway,NOR,2009,43.225,2.3524,23.2376,14.787,0.842,1.513,0.493,8.951637
Norway,NOR,2010,45.691,3.0824,24.5326,15.04,0.754,1.565,0.717,9.345192
Norway,NOR,2011,44.791,3.2186,24.2994,14.358,0.749,1.551,0.615,9.043046
Norway,NOR,2012,44.3,3.1912,24.2918,14.081,0.725,1.423,0.588,8.827211
Norway,NOR,2013,44.586,3.2928,24.5282,13.902,0.731,1.511,0.621,8.776486
Norway,NOR,2014,45.046,3.527,24.099,14.645,0.727,1.408,0.64,8.768199
Norway,NOR,2015,45.59,3.4284,23.8906,15.506,0.672,1.522,0.571,8.784381
Norway,NOR,2016,44.765,3.5496,23.3674,15.142,0.684,1.467,0.555,8.549219
Norway,NOR,2017,44.242,3.6428,22.6962,15.504,0.766,1.105,0.528,8.383981
Norway,NOR,2018,44.393,3.5268,23.2112,15.297,0.73,1.079,0.549,8.357249
Norway,NOR,2019,42.784,3.5468,21.9492,15.047,0.722,0.957,0.562,8.000156
Norway,NOR,2020,41.196,3.6024,21.1856,14.317,0.725,0.83,0.536,7.657997
Norway,NOR,2021,40.918553,4.1776,21.477984,12.672833,0.701255,1.51886,0.37002,7.565853
Poland,POL,2000,317.719195,228.82677,52.835995,21.837939,6.114182,3.381858,4.722451,8.251497
Poland,POL,2001,313.849975,226.15207,52.767787,22.634715,4.956938,2.870287,4.468178,8.117608
Poland,POL,2002,306.610293,219.897194,52.163626,22.422074,4.670148,3.011544,4.445709,7.933514
Poland,POL,2003,319.624035,226.405784,55.62442,24.832386,4.565827,3.563711,4.631908,8.275799
Poland,POL,2004,324.436208,226.42371,58.819748,26.562927,5.070056,2.7137,4.846068,8.405945
Poland,POL,2005,323.409481,222.637677,60.430283,27.40146,5.057142,3.387098,4.49582,8.383716
Poland,POL,2006,337.317578,232.308065,63.02652,27.630416,5.983742,3.975612,4.393222,8.750772
Poland,POL,2007,336.731479,227.707322,66.011381,27.91074,7.050407,3.610941,4.440688,8.741306
Poland,POL,2008,330.485117,220.472084,67.229893,28.134334,6.692993,3.5755,4.380313,8.57893
Poland,POL,2009,316.868513,209.073544,67.927146,27.273393,5.757238,2.872266,3.964926,8.218549
Poland,POL,2010,334.916988,220.927198,70.862728,29.134715,6.221494,3.488797,4.282057,8.677201
Poland,POL,2011,334.337154,218.378981,70.530176,29.325019,7.379394,4.021527,4.702057,8.656909
Poland,POL,2012,326.734935,214.039885,67.269441,30.558497,6.384301,4.211888,4.270922,8.458965
Poland,POL,2013,322.651181,214.314382,62.579292,30.803979,5.874228,4.801655,4.277644,8.357247
Poland,POL,2014,310.3191,202.997324,62.288999,29.463594,6.456416,4.702019,4.410747,8.043132
Poland,POL,2015,313.455719,201.647484,65.701021,30.634032,6.341808,4.746858,4.384515,8.130484
Poland,POL,2016,324.381233,202.098996,73.97804,32.419593,6.529685,4.553509,4.80141,8.418465
Poland,POL,2017,337.734951,203.597988,83.588319,34.129784,6.996488,4.663026,4.759346,8.764866
Poland,POL,2018,337.048486,198.827006,86.610586,34.283403,7.655328,4.83544,4.836724,8.74963
Poland,POL,2019,318.487666,177.935008,88.158063,35.490788,7.692452,4.343708,4.867646,8.273782
Poland,POL,2020,303.523082,164.234621,85.531578,36.764228,7.690636,4.225053,5.076966,7.898412
Poland,POL,2021,328.579763,179.501978,91.709086,40.570439,7.496242,4.225053,5.076966,8.577376
Portugal,PRT,2000,65.685547,15.014825,39.893774,5.727495,3.809088,0.346334,0.894031,6.37685
Portugal,PRT,2001,65.237192,12.713208,41.27162,6.281993,3.62694,0.42826,0.915171,6.289851
Portugal,PRT,2002,69.643312,13.719936,43.320042,7.374404,3.910193,0.418853,0.899884,6.676626
Portugal,PRT,2003,64.53789,12.987083,39.275322,7.331631,3.616072,0.467181,0.8606,6.162109
Portugal,PRT,2004,67.385154,13.093647,39.758336,9.148407,4.003886,0.482425,0.898453,6.416704
Portugal,PRT,2005,69.717987,13.076151,41.499566,9.615703,4.08763,0.563221,0.875717,6.625097
Portugal,PRT,2006,64.923915,13.0815,37.360884,9.091098,4.000136,0.535567,0.854731,6.157458
Portugal,PRT,2007,62.437402,11.445835,35.601301,9.74982,4.165778,0.553991,0.920677,5.909526
Portugal,PRT,2008,60.106794,9.84923,34.291808,10.494898,4.01164,0.503987,0.95523,5.680656
Portugal,PRT,2009,57.20748,10.750165,32.212018,9.719734,3.222528,0.468925,0.83411,5.401343
Portugal,PRT,2010,53.001358,6.439521,31.368891,10.485697,3.376286,0.565696,0.765266,5.005605
Portugal,PRT,2011,51.801576,8.646575,28.479407,10.508884,2.813218,0.522818,0.830675,4.903211
Portugal,PRT,2012,49.959709,11.149684,25.619881,9.096887,2.550351,0.607053,0.935853,4.74808
Portugal,PRT,2013,48.163477,10.205903,24.992933,8.107207,2.814234,1.183616,0.859584,4.602543
Portugal,PRT,2014,47.945815,10.327998,25.009264,7.642641,3.095988,1.015642,0.854281,4.606466
Portugal,PRT,2015,52.270289,12.57497,25.646109,9.110765,2.921236,1.139333,0.877875,5.042749
Portugal,PRT,2016,50.442234,10.831652,25.576533,9.819985,2.297052,1.065741,0.851272,4.881781
Portugal,PRT,2017,55.210185,12.406546,25.948,12.305273,2.530625,1.144149,0.875594,5.356296
Portugal,PRT,2018,51.459107,10.388611,25.514011,11.325774,2.250869,1.047843,0.931998,5.000965
Portugal,PRT,2019,47.618826,5.039867,26.152698,12.157955,2.225102,1.133223,0.909982,4.627714
Portugal,PRT,2020,41.799894,2.430948,23.215232,11.992691,2.309659,1.012769,0.838594,4.058955
Portugal,PRT,2021,40.797216,1.101646,23.885778,11.648769,2.309659,1.012769,0.838594,3.964704
South Korea,KOR,2000,439.980692,163.883136,206.229051,40.204095,24.75589,0,4.90852,9.403589
South Korea,KOR,2001,455.630633,174.625609,206.08268,44.163024,25.66529,0,5.09403,9.680924
South Korea,KOR,2002,476.06488,187.636519,207.115517,49.069014,27.10707,0,5.13676,10.060401
South Korea,KOR,2003,485.212785,195.319077,205.372465,51.400623,27.9204,0,5.20022,10.206467
South Korea,KOR,2004,491.389426,203.137986,196.255763,60.234056,26.12359,0,5.63803,10.295776
South Korea,KOR,2005,498.688299,209.293477,195.069382,65.26958,23.32588,0,5.72998,10.413296
South Korea,KOR,2006,503.478183,216.428256,190.054239,67.995038,23.13968,0,5.86097,10.478356
South Korea,KOR,2007,521.708715,228.427157,187.258138,73.37012,26.27512,0,6.37818,10.819208
South Korea,KOR,2008,532.650764,253.041243,171.08832,75.92433,26.07981,0,6.51706,11.005493
South Korea,KOR,2009,537.819831,262.394545,172.708274,72.171182,24.55339,0,5.99244,11.06898
South Korea,KOR,2010,594.33911,295.050323,176.156433,91.541235,24.29735,0,7.29377,12.175826
South Korea,KOR,2011,623.442837,320.169094,171.468675,98.512948,24.7206,0,8.57152,12.679365
South Korea,KOR,2012,627.943034,316.989866,170.817246,106.566313,24.8486,0,8.72101,12.651422
South Korea,KOR,2013,634.580703,320.643622,168.582207,111.530864,25.05014,0,8.77387,12.666729
South Korea,KOR,2014,629.366484,331.303871,161.53353,101.445313,25.41199,0,9.67178,12.448395
South Korea,KOR,2015,634.177278,335.411292,170.593973,92.588923,25.77871,0,9.80438,12.436214
South Korea,KOR,2016,637.914084,320.697359,184.034149,96.655486,26.67176,0,9.85533,12.432553
South Korea,KOR,2017,654.537269,337.668762,179.413376,100.860571,26.35058,0,10.24398,12.70659
South Korea,KOR,2018,670.168699,340.3476,177.632938,117.17267,24.70206,0,10.31343,12.968438
South Korea,KOR,2019,646.102263,321.60607,175.797343,113.58643,24.9299,0,10.18252,12.472095
South Korea,KOR,2020,597.634242,282.883413,165.067876,116.63454,22.865592,0.000301,10.18252,11.527395
South Korea,KOR,2021,616.074996,283.908353,171.484229,126.789734,23.704068,0.006091,10.18252,11.886424
Romania,ROU,2000,92.668296,28.864063,28.214697,30.946934,2.65596,0.947427,1.039215,4.227592
Romania,ROU,2001,98.150928,31.046363,32.972433,29.629863,2.768364,0.54924,1.184666,4.502834
Romania,ROU,2002,98.356844,32.00623,30.861979,30.971147,2.642094,0.727342,1.148052,4.5423
Romania,ROU,2003,102.844232,34.889629,29.46376,33.766402,2.650044,0.903872,1.170525,4.787612
Romania,ROU,2004,102.109621,34.631497,30.38041,31.964646,2.99209,0.892852,1.248126,4.796291
Romania,ROU,2005,100.241794,34.4209,29.88505,30.537296,3.174808,1.142686,1.081054,4.752538
Romania,ROU,2006,103.180297,37.060428,28.383535,31.406264,3.65557,1.441323,1.233177,4.934637
Romania,ROU,2007,107.886681,40.941285,29.82,30.721112,4.053975,0.843701,1.506608,5.200804
Romania,ROU,2008,105.851799,39.565137,28.94968,31.130563,4.142664,0.681804,1.381952,5.139059
Romania,ROU,2009,87.002447,31.592474,25.595529,25.237256,3.093074,0.466921,1.017193,4.251006
Romania,ROU,2010,84.632654,28.527538,24.192712,27.503575,2.777893,0.542761,1.088175,4.161877
Romania,ROU,2011,91.754477,33.28569,25.239043,28.386938,3.088841,0.64472,1.109245,4.537744
Romania,ROU,2012,90.239246,30.679977,26.344168,28.172993,3.15025,0.844676,1.047182,4.481239
Romania,ROU,2013,78.929516,24.662333,24.581253,25.140401,2.694533,0.840191,1.010806,3.933388
Romania,ROU,2014,78.453481,24.429036,25.221774,24.069464,2.943946,0.547703,1.241558,3.923491
Romania,ROU,2015,77.996265,24.681829,24.569336,23.467765,3.337467,0.784386,1.155481,3.918213
Romania,ROU,2016,77.011532,21.990651,26.422873,23.366268,3.181003,0.834752,1.215986,3.8899
Romania,ROU,2017,80.042942,21.839268,28.420121,24.39213,3.310254,0.775684,1.305486,4.06333
Romania,ROU,2018,80.516214,20.694593,28.730236,25.411728,3.504827,0.86052,1.31431,4.106549
Romania,ROU,2019,77.030616,18.309118,29.697703,23.158258,3.828019,0.86164,1.175876,3.945389
Romania,ROU,2020,74.138009,14.234452,29.22042,25.117993,3.901027,0.793885,0.870231,3.813284
Romania,ROU,2021,79.32686,16.450983,31.801002,25.509732,3.901027,0.793885,0.870231,4.104127
Russia,RUS,2000,1478.184753,426.448116,317.318002,681.432377,15.112577,23.763752,14.109928,10.066304
Russia,RUS,2001,1514.713521,444.960912,323.090661,693.013366,15.862541,24.348308,13.437733,10.35804
Russia,RUS,2002,1505.520171,423.511292,314.440788,702.371736,17.116161,34.81633,13.263863,10.340812
Russia,RUS,2003,1535.293112,425.152049,308.253748,734.919231,18.666297,34.542749,13.759038,10.59212
Russia,RUS,2004,1541.753926,415.369819,308.719743,742.806465,20.915348,39.637562,14.304989,10.680396
Russia,RUS,2005,1559.08276,416.42276,319.019961,745.182869,22.25603,41.53049,14.67065,10.842018
Russia,RUS,2006,1618.246151,435.960375,334.100059,765.525718,24.544564,42.156652,15.958783,11.289669
Russia,RUS,2007,1618.586183,420.965154,324.906344,777.797181,27.644836,50.867634,16.405034,11.309476
Russia,RUS,2008,1646.969024,449.909183,342.160792,778.187257,23.625365,36.624806,16.461621,11.510299
Russia,RUS,2009,1539.305658,416.977556,321.193282,730.871779,19.746372,38.288005,12.228664,10.752071
Russia,RUS,2010,1626.187553,416.736508,331.844462,792.563304,22.722614,47.870329,14.450336,11.352681
Russia,RUS,2011,1679.278427,427.83812,344.117271,815.661184,25.128527,51.56128,14.972045,11.713346
Russia,RUS,2012,1694.576422,442.749707,351.771385,804.975624,26.331668,52.927716,15.820322,11.798259
Russia,RUS,2013,1632.716418,405.262664,354.646137,780.453844,27.28146,48.827699,16.244614,11.341706
Russia,RUS,2014,1631.662227,394.094994,383.204615,772.753422,26.453326,38.466103,16.689767,11.308601
Russia,RUS,2015,1629.713151,414.059434,405.864558,736.697972,23.171307,33.022514,16.897365,11.265164
Russia,RUS,2016,1624.756335,402.192494,400.367433,749.788229,20.432102,36.218172,15.757905,11.196787
Russia,RUS,2017,1654.154022,384.724075,413.496784,777.235876,20.512221,41.926176,16.25889,11.372466
Russia,RUS,2018,1700.45284,396.392489,391.516179,825.415088,20.090711,49.437808,17.600565,11.674741
Russia,RUS,2019,1692.363414,390.365017,398.417081,803.863171,20.306193,62.654678,16.757274,11.612027
Russia,RUS,2020,1624.221431,366.758617,380.833317,780.781499,20.580721,58.921786,16.345492,11.154039
Russia,RUS,2021,1755.54739,380.227147,403.080393,875.051751,21.920821,58.921786,16.345492,12.09865
Slovakia,SVK,2000,41.135935,17.767685,7.425486,13.653135,1.190452,0.025183,1.073994,7.650792
Slovakia,SVK,2001,43.220929,18.386205,8.031961,14.410537,1.209315,0.025041,1.157869,8.038925
Slovakia,SVK,2002,41.960933,17.99483,8.047044,13.514282,1.16524,0.025336,1.214201,7.806386
Slovakia,SVK,2003,42.293771,18.933751,8.133139,13.144154,0.921647,0.026315,1.134766,7.869522
Slovakia,SVK,2004,42.780235,18.991205,8.365272,12.906505,1.216842,0.026128,1.274284,7.959216
Slovakia,SVK,2005,42.788856,17.752234,9.323907,13.147241,1.256398,0.023239,1.285836,7.958878
Slovakia,SVK,2006,42.552108,18.761906,8.928727,12.239938,1.389148,0.020046,1.212343,7.913381
Slovakia,SVK,2007,40.968268,17.560756,9.297181,11.382871,1.484933,0.018565,1.223961,7.61721
Slovakia,SVK,2008,41.359045,17.059462,9.628433,11.772301,1.603859,0.020863,1.274127,7.685218
Slovakia,SVK,2009,37.622061,16.026508,9.004032,10.409862,1.21315,0.022556,0.945953,6.981365
Slovakia,SVK,2010,38.403931,16.050049,9.333886,11.049382,0.859919,0.021204,1.089492,7.116552
Slovakia,SVK,2011,37.984837,16.303342,8.862554,10.424417,1.261791,0.020042,1.112692,7.03074
Slovakia,SVK,2012,35.910395,14.579966,9.122447,10.060666,1.095925,0.019023,1.032368,6.638661
Slovakia,SVK,2013,35.565563,14.276064,8.991892,10.235812,1.13527,0.019616,0.906909,6.568288
Slovakia,SVK,2014,33.656215,14.08355,8.866419,8.485533,1.26676,0.02767,0.926283,6.210128
Slovakia,SVK,2015,34.468229,13.918411,9.651327,8.713932,1.30857,0.020785,0.855204,6.354242
Slovakia,SVK,2016,34.912876,13.828549,10.024989,8.849289,1.340952,0.019828,0.849269,6.428203
Slovakia,SVK,2017,36.112652,14.284374,10.13604,9.389796,1.367054,0.022694,0.912695,6.639067
Slovakia,SVK,2018,36.102971,14.206341,10.23418,9.358968,1.346682,0.01973,0.93707,6.628357
Slovakia,SVK,2019,33.776188,11.778465,10.319318,9.369659,1.404269,0.01908,0.885396,6.193007
Slovakia,SVK,2020,31.094728,9.955995,9.610438,9.287948,1.443145,0.013168,0.784032,5.698469
Slovakia,SVK,2021,35.308218,12.579047,10.094408,10.394417,1.443145,0.013168,0.784032,6.4814
Slovenia,SVN,2000,15.05369,5.819048,6.79214,1.704946,0.490674,0.117595,0.129287,7.586249
Slovenia,SVN,2001,16.302567,6.487862,7.285781,1.750189,0.504962,0.134937,0.138837,8.223291
Slovenia,SVN,2002,16.564489,6.897399,7.235614,1.713865,0.443472,0.1438,0.130338,8.350017
Slovenia,SVN,2003,16.271331,6.484226,7.157733,1.884429,0.451411,0.158469,0.135063,8.178969
Slovenia,SVN,2004,16.704502,6.685963,7.354102,1.898189,0.473211,0.161019,0.132018,8.365963
Slovenia,SVN,2005,16.932322,6.649171,7.536339,1.927768,0.486733,0.165555,0.166756,8.445984
Slovenia,SVN,2006,17.178324,6.696687,7.708163,1.902045,0.511557,0.179962,0.17991,8.531277
Slovenia,SVN,2007,17.342812,6.94125,7.607026,1.885773,0.542903,0.186811,0.179048,8.571848
Slovenia,SVN,2008,18.278409,6.679762,8.783996,1.87762,0.593026,0.171671,0.172334,8.986289
Slovenia,SVN,2009,16.204024,6.141165,7.570724,1.785153,0.421515,0.173348,0.112119,7.921489
Slovenia,SVN,2010,16.459522,6.28357,7.623803,1.881926,0.358349,0.174098,0.137775,8.000596
Slovenia,SVN,2011,16.358579,6.326528,7.655853,1.750606,0.305827,0.186618,0.133147,7.920093
Slovenia,SVN,2012,15.760511,5.992192,7.461839,1.684006,0.31582,0.189898,0.116757,7.61615
Slovenia,SVN,2013,15.133322,5.740609,7.102744,1.642544,0.391087,0.154708,0.101629,7.302409
Slovenia,SVN,2014,13.56817,4.505375,6.946662,1.488253,0.41828,0.110616,0.098983,6.539139
Slovenia,SVN,2015,13.653307,4.615338,6.874236,1.578428,0.367208,0.116882,0.101214,6.561371
Slovenia,SVN,2016,14.464584,4.963894,7.240179,1.683866,0.34372,0.12983,0.103096,6.920787
Slovenia,SVN,2017,14.622025,4.906708,7.310981,1.753276,0.410234,0.139165,0.101662,6.968205
Slovenia,SVN,2018,14.526712,4.792092,7.326315,1.720399,0.450078,0.130953,0.106875,6.898023
Slovenia,SVN,2019,14.048142,4.530459,7.056562,1.753026,0.477618,0.124603,0.105873,6.648746
Slovenia,SVN,2020,12.866237,4.392651,6.019196,1.749733,0.474881,0.125095,0.104681,6.07574
Slovenia,SVN,2021,12.54933,3.614252,6.3875,1.842921,0.474881,0.125095,0.104681,5.921143
Spain,ESP,2000,311.674624,88.321494,165.052201,37.172468,14.727624,2.132561,4.268277,7.650024
Spain,ESP,2001,313.620597,81.098083,171.189678,39.990182,15.014369,2.037955,4.29033,7.655547
Spain,ESP,2002,333.730307,90.916846,175.679221,45.048964,15.530168,2.068617,4.486492,8.046026
Spain,ESP,2003,338.04587,84.293098,179.938233,51.303426,16.037506,1.900389,4.573219,8.004824
Spain,ESP,2004,354.827957,87.367004,185.389258,58.762093,16.292143,2.233623,4.783836,8.25956
Spain,ESP,2005,370.065779,87.765558,189.451699,68.937969,16.791774,2.296656,4.822123,8.47116
Spain,ESP,2006,361.12033,77.952428,184.882685,74.038402,16.744749,2.416184,5.085883,8.129161
Spain,ESP,2007,368.985581,84.629074,184.494471,75.655576,16.82391,2.565329,4.817222,8.155138
Spain,ESP,2008,337.182422,59.334167,174.472981,82.552072,14.389498,2.304122,4.129581,7.335389
Spain,ESP,2009,297.7478,45.080875,162.251827,73.709926,11.401951,2.256497,3.046724,6.421439
Spain,ESP,2010,284.282684,36.352366,157.646533,73.658981,11.197403,2.279813,3.14759,6.104053
Spain,ESP,2011,285.132255,54.21535,147.313722,68.060346,9.522689,2.739058,3.281089,6.101796
Spain,ESP,2012,279.384956,63.252868,135.963781,65.115347,8.754204,3.379174,2.919581,5.975371
Spain,ESP,2013,253.102713,49.190519,130.466471,59.096933,7.642356,3.834517,2.871917,5.430986
Spain,ESP,2014,255.4591,54.142112,131.138517,54.292446,8.896821,4.064612,2.924593,5.497935
Spain,ESP,2015,272.16466,61.840899,137.710148,56.649537,9.216019,3.706671,3.041386,5.861658
Spain,ESP,2016,261.227657,45.677289,141.796009,57.702443,9.413649,3.763629,2.874637,5.621025
Spain,ESP,2017,275.053205,53.592704,142.571508,62.580146,9.448701,3.823099,3.037047,5.904435
Spain,ESP,2018,270.052271,48.066131,143.531398,61.902589,9.667446,3.793986,3.090723,5.771329
Spain,ESP,2019,251.825149,23.622477,141.220887,71.252814,9.064168,3.644884,3.019919,5.343047
Spain,ESP,2020,213.339721,14.300041,120.283595,64.320816,8.191764,3.558305,2.685201,4.504277
Spain,ESP,2021,233.649543,18.575481,133.112623,67.109056,8.608877,3.558305,2.685201,4.920291
Sweden,SWE,2000,54.890663,10.118513,40.3545,2.116386,1.287709,0.374345,0.639212,6.187622
Sweden,SWE,2001,55.821961,10.957757,40.10533,2.436099,1.331587,0.372661,0.618526,6.274423
Sweden,SWE,2002,56.791591,11.435414,40.544885,2.482448,1.280327,0.367806,0.680712,6.362482
Sweden,SWE,2003,57.371496,11.563022,41.237655,2.303516,1.206008,0.395722,0.665572,6.401993
Sweden,SWE,2004,56.682884,11.829304,40.284295,2.238209,1.284427,0.386938,0.659711,6.295116
Sweden,SWE,2005,54.066087,10.959664,38.771372,1.907414,1.315105,0.36416,0.748371,5.973006
Sweden,SWE,2006,53.885099,10.707015,38.165905,2.08537,1.44226,0.811787,0.672762,5.91837
Sweden,SWE,2007,53.151971,10.801239,37.221166,2.19445,1.339477,0.848032,0.747607,5.799912
Sweden,SWE,2008,51.070465,10.367231,35.822766,1.920966,1.396012,0.861414,0.702075,5.533532
Sweden,SWE,2009,47.421459,7.390039,34.842107,2.513168,1.263165,0.864407,0.548572,5.098307
Sweden,SWE,2010,53.287345,10.342355,36.625935,3.469161,1.32368,0.825341,0.700873,5.679907
Sweden,SWE,2011,49.405178,9.496558,34.260014,2.755166,1.361026,0.833585,0.69883,5.218459
Sweden,SWE,2012,46.918582,8.666913,32.877225,2.391374,1.479022,0.838308,0.665739,4.909862
Sweden,SWE,2013,45.351341,8.743297,31.477772,2.369466,1.402117,0.69892,0.659769,4.700141
Sweden,SWE,2014,43.477929,8.115844,30.553853,2.062101,1.399259,0.772619,0.574253,4.460415
Sweden,SWE,2015,43.741733,8.152132,30.67535,1.974905,1.536918,0.821793,0.580635,4.441079
Sweden,SWE,2016,43.415985,8.00221,30.369447,2.266186,1.553613,0.639619,0.584911,4.361961
Sweden,SWE,2017,42.704238,8.473792,29.50231,1.816615,1.484312,0.800675,0.626533,4.245718
Sweden,SWE,2018,42.094909,8.046477,29.172925,1.89366,1.607177,0.825032,0.549638,4.142263
Sweden,SWE,2019,40.982492,8.092101,28.705403,1.777568,1.349386,0.536187,0.521847,3.991313
Sweden,SWE,2020,36.515101,6.662655,26.157097,1.446498,1.272062,0.444958,0.531832,3.521575
Sweden,SWE,2021,35.848949,5.553458,26.562522,1.484117,1.272062,0.444958,0.531832,3.424918
Switzerland,CHE,2000,43.622369,0.644585,35.224161,5.758819,1.724933,0.038867,0.231004,6.073797
Switzerland,CHE,2001,45.077498,0.653786,36.396544,5.997844,1.757878,0.041187,0.23026,6.239616
Switzerland,CHE,2002,43.463863,0.594316,35.02401,5.894647,1.690594,0.041173,0.219122,5.973199
Switzerland,CHE,2003,44.647716,0.601893,35.903454,6.230164,1.653784,0.038876,0.219545,6.090488
Switzerland,CHE,2004,45.238267,0.587733,36.169794,6.442417,1.752232,0.043641,0.24245,6.128891
Switzerland,CHE,2005,45.778558,0.633297,36.373682,6.611807,1.847456,0.057521,0.254795,6.162611
Switzerland,CHE,2006,45.373349,0.679503,36.112618,6.4381,1.852745,0.044924,0.245458,6.070005
Switzerland,CHE,2007,43.368761,0.740519,34.179567,6.275114,1.885012,0.04241,0.246139,5.750373
Switzerland,CHE,2008,44.710572,0.680894,35.214949,6.681261,1.857862,0.044314,0.231292,5.853481
Switzerland,CHE,2009,43.538552,0.636285,34.413778,6.402575,1.848138,0.043516,0.194259,5.629205
Switzerland,CHE,2010,45.045709,0.648868,35.019859,7.158874,1.954967,0.045505,0.217636,5.758528
Switzerland,CHE,2011,40.985233,0.608218,31.821324,6.362988,1.925347,0.056276,0.211079,5.180802
Switzerland,CHE,2012,42.253032,0.558185,32.671386,6.958713,1.807619,0.047083,0.210046,5.284444
Switzerland,CHE,2013,43.187726,0.584808,33.22782,7.314027,1.832896,0.037864,0.190311,5.339486
Switzerland,CHE,2014,39.233632,0.603413,30.165786,6.355482,1.879666,0.03341,0.195875,4.791724
Switzerland,CHE,2015,38.73182,0.562525,29.467247,6.779945,1.714787,0.027534,0.179783,4.676778
Switzerland,CHE,2016,39.185341,0.528458,29.556995,7.127107,1.768989,0.028309,0.175483,4.680021
Switzerland,CHE,2017,38.178641,0.506227,28.619567,7.086324,1.759823,0.031167,0.175533,4.517281
Switzerland,CHE,2018,36.873818,0.478956,27.769712,6.685115,1.738398,0.02789,0.173746,4.330742
Switzerland,CHE,2019,36.733064,0.4316,27.489291,6.878903,1.732205,0.033352,0.167712,4.283446
Switzerland,CHE,2020,34.240967,0.414396,25.309228,6.649167,1.679247,0.026395,0.162533,3.963711
Switzerland,CHE,2021,34.931692,0.413264,25.420495,7.229757,1.679247,0.026395,0.162533,4.019107
Turkey,TUR,2000,229.858207,98.54021,82.614217,30.118235,15.183734,0.167848,3.233962,3.585174
Turkey,TUR,2001,213.483471,84.503189,78.144672,32.578484,15.08693,0.154674,3.015522,3.280726
Turkey,TUR,2002,221.148221,87.242425,80.255168,34.765864,15.513293,0.148241,3.22323,3.351306
Turkey,TUR,2003,236.68329,91.995901,81.859311,43.192863,16.021781,0.145183,3.468251,3.539595
Turkey,TUR,2004,244.688735,93.373452,85.842936,44.367638,17.207184,0.140202,3.757324,3.609773
Turkey,TUR,2005,264.768615,102.075519,84.446305,54.858681,19.117008,0.141602,4.1295,3.853718
Turkey,TUR,2006,282.266691,111.574507,83.084477,62.166116,20.840535,0.135104,4.465953,4.055478
Turkey,TUR,2007,313.578157,126.043835,87.865782,72.005242,22.779557,0.1329,4.750842,4.449882
Turkey,TUR,2008,310.532303,122.868262,86.880178,71.54828,24.849844,0.134862,4.250876,4.354026
Turkey,TUR,2009,316.319322,130.356214,83.740047,71.360086,27.039663,0.138216,3.685096,4.379599
Turkey,TUR,2010,316.036475,129.615895,80.522863,71.654614,29.977052,0.156157,4.109894,4.317713
Turkey,TUR,2011,341.862344,135.242109,84.197192,86.04764,31.454101,0.150521,4.770781,4.608933
Turkey,TUR,2012,355.88264,141.610862,89.7275,87.093543,31.371621,0.143695,5.93542,4.727614
Turkey,TUR,2013,347.152667,125.421586,94.356791,86.692258,33.913065,0.145537,6.623431,4.533433
Turkey,TUR,2014,363.866339,130.304991,98.997707,93.536739,34.498393,0.145487,6.383022,4.65826
Turkey,TUR,2015,384.330489,138.794158,108.642691,96.437587,34.440797,0.154593,5.860662,4.825473
Turkey,TUR,2016,405.304505,151.631064,117.84743,91.851895,37.527871,0.157941,6.288304,5.002562
Turkey,TUR,2017,430.220402,157.937686,120.765446,104.889667,39.468752,0.157038,7.001813,5.240849
Turkey,TUR,2018,422.568908,163.038903,117.667026,95.48168,39.413498,0.174472,6.793328,5.102916
Turkey,TUR,2019,401.719742,164.971991,114.860007,83.140939,32.348743,0.182841,6.215221,4.81207
Turkey,TUR,2020,413.433085,158.630595,115.280894,92.216937,40.812754,0.195236,6.29667,4.9139
Turkey,TUR,2021,446.204185,162.562331,118.359993,114.395247,44.394708,0.195236,6.29667,5.263368
Ukraine,UKR,2000,285.321939,122.877677,31.612266,123.973075,2.261373,2.146593,2.450956,5.837221
Ukraine,UKR,2001,303.561756,131.830648,33.996185,130.104068,2.47466,2.191337,2.964858,6.270054
Ukraine,UKR,2002,295.673973,136.227958,35.368304,116.057539,2.817473,2.178162,3.024538,6.162887
Ukraine,UKR,2003,306.998709,132.443748,37.249329,128.058238,3.612127,2.37868,3.256587,6.448788
Ukraine,UKR,2004,310.270626,135.323432,36.468809,128.054363,4.26407,2.572759,3.587193,6.564912
Ukraine,UKR,2005,313.066891,135.905504,36.258852,129.900203,4.785321,2.471856,3.745155,6.673406
Ukraine,UKR,2006,332.613143,154.04048,40.507856,126.290064,5.484277,2.489549,3.800917,7.138761
Ukraine,UKR,2007,336.351221,161.469339,43.120235,118.976501,6.16417,2.618059,4.002916,7.262555
Ukraine,UKR,2008,325.536205,154.64005,43.890576,114.356227,6.293777,2.696205,3.65937,7.067205
Ukraine,UKR,2009,277.296698,136.610696,42.693086,89.68226,2.590089,2.646577,3.07399,6.04608
Ukraine,UKR,2010,294.110664,145.421089,39.840513,100.188028,2.881962,2.617715,3.161356,6.438074
Ukraine,UKR,2011,307.956066,153.85344,39.774144,103.812444,3.901123,2.678687,3.936228,6.765866
Ukraine,UKR,2012,303.976228,158.98139,38.465388,96.823063,3.281461,2.548714,3.876211,6.694594
Ukraine,UKR,2013,297.251191,160.185132,37.340292,90.249973,3.396788,2.529373,3.549634,6.560808
Ukraine,UKR,2014,257.510818,138.372745,35.34076,75.134189,3.299186,2.493745,2.870192,5.703694
Ukraine,UKR,2015,223.824094,119.392944,30.48936,65.547238,3.27752,2.382325,2.734706,4.975797
Ukraine,UKR,2016,234.008459,126.828013,34.123592,64.148539,3.622848,2.372986,2.91248,5.219492
Ukraine,UKR,2017,223.087077,112.586372,35.342176,66.655074,3.543391,2.303937,2.656127,4.995539
Ukraine,UKR,2018,231.674691,120.544058,35.214604,66.991888,3.71873,2.399314,2.806096,5.212386
Ukraine,UKR,2019,222.056698,114.045427,38.480585,60.538273,3.947163,2.355091,2.690159,5.022647
Ukraine,UKR,2020,206.941159,102.148412,34.914376,60.774426,4.026967,2.303971,2.773007,4.712884
Ukraine,UKR,2021,201.857716,101.829705,36.453332,54.076202,4.421499,2.303971,2.773007,4.637058
United Kingdom,GBR,2000,569.033716,144.44308,198.237954,210.131006,6.331884,6.446023,3.443769,9.669215
United Kingdom,GBR,2001,577.970573,153.533658,198.650759,210.160357,5.843838,6.49308,3.288881,9.780857
United Kingdom,GBR,2002,560.2732,141.691083,196.130348,207.030373,5.988265,6.178655,3.254476,9.43925
United Kingdom,GBR,2003,571.618782,153.102776,194.397355,208.462265,5.867549,5.56312,4.225717,9.582912
United Kingdom,GBR,2004,573.429762,147.662298,197.952289,211.734175,5.97663,5.618775,4.485595,9.557824
United Kingdom,GBR,2005,570.33837,148.032654,200.447656,205.437837,5.941163,5.991193,4.487867,9.445231
United Kingdom,GBR,2006,567.845659,160.843769,197.183104,194.12641,5.89278,5.271742,4.527855,9.338998
United Kingdom,GBR,2007,559.566476,150.843509,196.16027,196.519574,6.117015,5.417125,4.508983,9.134187
United Kingdom,GBR,2008,544.932405,139.219107,188.799534,202.654948,5.204877,4.749941,4.303998,8.825938
United Kingdom,GBR,2009,494.107701,113.823148,180.26388,188.07048,3.721209,4.880534,3.34845,7.938318
United Kingdom,GBR,2010,511.904582,118.030363,179.84842,201.927123,3.79201,4.737995,3.568671,8.156537
United Kingdom,GBR,2011,469.713315,117.149672,172.059735,168.235546,4.096816,4.453032,3.718514,7.422031
United Kingdom,GBR,2012,487.476776,148.005461,170.288365,158.2399,3.723954,3.645807,3.573288,7.639657
United Kingdom,GBR,2013,477.611268,142.456568,165.756488,157.622225,4.02911,4.215954,3.530924,7.427593
United Kingdom,GBR,2014,438.807081,115.433547,166.510706,144.492208,4.214814,4.436023,3.719782,6.774484
United Kingdom,GBR,2015,422.460794,91.548016,170.772559,147.8994,4.393361,4.641191,3.206267,6.47704
United Kingdom,GBR,2016,399.430131,47.824616,173.93028,165.742039,4.553321,4.5586,2.821275,6.083754
United Kingdom,GBR,2017,387.367141,39.128801,174.850612,161.697365,4.40979,4.301261,2.979312,5.863442
United Kingdom,GBR,2018,379.729755,33.280249,173.087118,161.485261,4.363948,4.476409,3.036771,5.715981
United Kingdom,GBR,2019,364.753306,24.512705,168.995529,159.320842,4.448499,4.28319,3.192541,5.462124
United Kingdom,GBR,2020,326.263199,22.809405,143.980921,149.420095,3.899688,3.442599,2.710492,4.865281
United Kingdom,GBR,2021,346.773181,23.689725,154.11081,158.864022,3.899688,3.473844,2.735092,5.1541
USA,USA,2000,6016.350574,2165.606328,2489.787517,1252.332071,41.445309,40.23101,26.948338,21.304467
USA,USA,2001,5911.988517,2100.69389,2503.543873,1199.432628,41.613367,40.141729,26.563029,20.709631
USA,USA,2002,5952.698581,2105.588304,2497.583755,1239.006806,43.163872,40.468162,26.887682,20.643986
USA,USA,2003,6015.804219,2145.491263,2559.10883,1201.862436,43.349101,40.226767,25.765823,20.665068
USA,USA,2004,6117.962686,2166.10556,2632.290252,1205.237349,45.885581,40.78553,27.658414,20.813086
USA,USA,2005,6137.603445,2189.646259,2644.236598,1187.618743,46.194121,41.114875,28.792849,20.676284
USA,USA,2006,6057.163161,2153.509929,2610.822803,1173.784429,46.850744,41.744603,30.450653,20.207175
USA,USA,2007,6135.287208,2176.462796,2593.582204,1248.121541,45.508881,42.228077,29.383709,20.265635
USA,USA,2008,5918.868654,2136.484804,2415.427499,1253.226709,41.415652,43.850344,28.463646,19.362012
USA,USA,2009,5482.977899,1872.668065,2280.456426,1231.750925,29.614644,42.834867,25.65297,17.772331
USA,USA,2010,5681.392035,1982.983381,2300.353344,1290.5145,31.449235,45.238782,30.852794,18.257408
USA,USA,2011,5546.628958,1872.951133,2251.761189,1310.473931,32.208358,49.585065,29.649282,17.671368
USA,USA,2012,5345.454261,1658.503321,2195.781516,1372.082466,35.270345,53.093643,30.722971,16.8812
USA,USA,2013,5480.926097,1720.268523,2224.219492,1410.366932,36.369227,58.840147,30.861776,17.161404
USA,USA,2014,5528.871276,1710.368415,2247.447818,1435.02015,39.439018,64.171159,32.424716,17.168597
USA,USA,2015,5376.577933,1479.001098,2285.320769,1475.99299,39.907292,65.110473,31.245311,16.563306
USA,USA,2016,5251.757629,1347.797519,2299.606916,1481.713018,39.439018,54.557104,28.644054,16.050104
USA,USA,2017,5210.957584,1308.479533,2314.675386,1460.391796,40.323535,59.245489,27.841845,15.800777
USA,USA,2018,5376.657233,1256.201494,2365.28348,1618.720337,38.970745,72.786925,24.694251,16.187923
USA,USA,2019,5259.143836,1070.723931,2358.831137,1673.9991,40.895869,88.383147,26.310652,15.730884
USA,USA,2020,4715.691109,878.972885,2049.3365,1653.677852,40.687747,67.684371,25.331754,14.037218
USA,USA,2021,5007.335889,1002.299987,2233.77818,1637.038462,41.203135,67.684371,25.331754,14.858668
Global,WLD,2000,25453.62214,9203.117603,10302.09059,4731.291034,721.927315,278.928472,216.267121,4.139541
Global,WLD,2001,25668.04833,9255.256797,10390.66898,4773.584851,754.331663,281.128017,213.078023,4.119578
Global,WLD,2002,26281.03747,9678.959137,10385.86418,4905.85364,796.052479,298.553835,215.754196,4.163394
Global,WLD,2003,27651.59645,10518.46364,10679.65445,5081.468111,852.252693,299.375515,220.382043,4.324685
Global,WLD,2004,28636.69504,10871.58434,11042.50463,5257.190057,910.566319,323.802545,231.047147,4.422142
Global,WLD,2005,29614.60226,11543.33488,11139.39918,5380.665522,964.306101,345.09423,241.80235,4.515677
Global,WLD,2006,30593.11679,12188.84028,11246.32155,5506.809201,1051.668722,346.860142,252.616896,4.606415
Global,WLD,2007,31506.7892,12776.36025,11283.66534,5694.133805,1129.389392,363.985324,259.25509,4.684364
Global,WLD,2008,32085.83632,13192.79664,11251.32508,5864.291234,1143.738362,374.074157,259.610844,4.710472
Global,WLD,2009,31564.03069,13016.428,10996.94868,5751.954007,1175.729621,379.401924,243.568467,4.575621
Global,WLD,2010,33364.3465,13926.62092,11359.88272,6195.343757,1254.87809,381.650481,245.970526,4.776158
Global,WLD,2011,34487.01162,14737.12579,11388.08551,6366.902202,1349.799508,370.279857,274.81875,4.875781
Global,WLD,2012,35006.26758,14922.7594,11541.70714,6500.593776,1384.570572,380.351189,276.285502,4.887984
Global,WLD,2013,35319.20162,15024.48603,11626.44596,6542.527061,1444.086043,387.535385,294.121144,4.871215
Global,WLD,2014,35577.53477,15051.51277,11678.78215,6654.555376,1499.912273,387.901908,304.870299,4.847727
Global,WLD,2015,35558.56574,14710.08747,11929.66576,6788.073864,1444.435868,383.533695,302.769077,4.788002
Global,WLD,2016,35524.19321,14360.60525,12023.83328,6973.648992,1487.616801,378.385157,300.103737,4.728065
Global,WLD,2017,36096.73928,14506.97381,12242.62794,7144.928128,1507.923185,391.992176,302.294047,4.749682
Global,WLD,2018,36826.5066,14746.83069,12266.01629,7529.846784,1569.218392,412.115746,302.478706,4.792753
Global,WLD,2019,37082.55897,14725.97803,12345.65337,7647.52822,1617.506786,439.253991,306.638573,4.775633
Global,WLD,2020,35264.08573,14174.56401,11191.80855,7556.290283,1637.537532,407.583673,296.301685,4.497423
Global,WLD,2021,37123.85035,14979.59808,11837.15912,7921.829472,1672.592372,416.525563,296.145746,4.693699
